target_systolic_mmHg,target_diastolic_mmHg,lookup_reachable,resistance_multiplier,compliance_multiplier,estimated_systolic_mmHg,estimated_diastolic_mmHg,estimated_systolic_residual_mmHg,estimated_diastolic_residual_mmHg,estimated_euclidean_residual_mmHg,validation_status,restabilization_wall_s,achieved_systolic_mmHg,achieved_diastolic_mmHg,achieved_map_mmHg,achieved_pulse_pressure_mmHg,achieved_heart_rate_per_min,achieved_cardiac_output_L_min,achieved_systolic_residual_mmHg,achieved_diastolic_residual_mmHg,achieved_euclidean_residual_mmHg,validated_within_tolerance
80,45,False,,,,,,,,,,,,,,,,,,,False
80,50,False,,,,,,,,,,,,,,,,,,,False
80,55,False,,,,,,,,,,,,,,,,,,,False
80,60,False,,,,,,,,,,,,,,,,,,,False
80,65,False,,,,,,,,,,,,,,,,,,,False
80,70,False,,,,,,,,,,,,,,,,,,,False
80,75,False,,,,,,,,,,,,,,,,,,,False
80,80,False,,,,,,,,,,,,,,,,,,,False
80,85,False,,,,,,,,,,,,,,,,,,,False
80,90,False,,,,,,,,,,,,,,,,,,,False
80,95,False,,,,,,,,,,,,,,,,,,,False
80,100,False,,,,,,,,,,,,,,,,,,,False
80,105,False,,,,,,,,,,,,,,,,,,,False
80,110,False,,,,,,,,,,,,,,,,,,,False
80,115,False,,,,,,,,,,,,,,,,,,,False
80,120,False,,,,,,,,,,,,,,,,,,,False
80,125,False,,,,,,,,,,,,,,,,,,,False
85,45,False,,,,,,,,,,,,,,,,,,,False
85,50,False,,,,,,,,,,,,,,,,,,,False
85,55,False,,,,,,,,,,,,,,,,,,,False
85,60,False,,,,,,,,,,,,,,,,,,,False
85,65,False,,,,,,,,,,,,,,,,,,,False
85,70,False,,,,,,,,,,,,,,,,,,,False
85,75,False,,,,,,,,,,,,,,,,,,,False
85,80,False,,,,,,,,,,,,,,,,,,,False
85,85,False,,,,,,,,,,,,,,,,,,,False
85,90,False,,,,,,,,,,,,,,,,,,,False
85,95,False,,,,,,,,,,,,,,,,,,,False
85,100,False,,,,,,,,,,,,,,,,,,,False
85,105,False,,,,,,,,,,,,,,,,,,,False
85,110,False,,,,,,,,,,,,,,,,,,,False
85,115,False,,,,,,,,,,,,,,,,,,,False
85,120,False,,,,,,,,,,,,,,,,,,,False
85,125,False,,,,,,,,,,,,,,,,,,,False
90,45,False,,,,,,,,,,,,,,,,,,,False
90,50,False,,,,,,,,,,,,,,,,,,,False
90,55,False,,,,,,,,,,,,,,,,,,,False
90,60,False,,,,,,,,,,,,,,,,,,,False
90,65,False,,,,,,,,,,,,,,,,,,,False
90,70,False,,,,,,,,,,,,,,,,,,,False
90,75,False,,,,,,,,,,,,,,,,,,,False
90,80,False,,,,,,,,,,,,,,,,,,,False
90,85,False,,,,,,,,,,,,,,,,,,,False
90,90,False,,,,,,,,,,,,,,,,,,,False
90,95,False,,,,,,,,,,,,,,,,,,,False
90,100,False,,,,,,,,,,,,,,,,,,,False
90,105,False,,,,,,,,,,,,,,,,,,,False
90,110,False,,,,,,,,,,,,,,,,,,,False
90,115,False,,,,,,,,,,,,,,,,,,,False
90,120,False,,,,,,,,,,,,,,,,,,,False
90,125,False,,,,,,,,,,,,,,,,,,,False
95,45,False,,,,,,,,,,,,,,,,,,,False
95,50,False,,,,,,,,,,,,,,,,,,,False
95,55,False,,,,,,,,,,,,,,,,,,,False
95,60,False,,,,,,,,,,,,,,,,,,,False
95,65,False,,,,,,,,,,,,,,,,,,,False
95,70,False,,,,,,,,,,,,,,,,,,,False
95,75,False,,,,,,,,,,,,,,,,,,,False
95,80,False,,,,,,,,,,,,,,,,,,,False
95,85,False,,,,,,,,,,,,,,,,,,,False
95,90,False,,,,,,,,,,,,,,,,,,,False
95,95,False,,,,,,,,,,,,,,,,,,,False
95,100,False,,,,,,,,,,,,,,,,,,,False
95,105,False,,,,,,,,,,,,,,,,,,,False
95,110,False,,,,,,,,,,,,,,,,,,,False
95,115,False,,,,,,,,,,,,,,,,,,,False
95,120,False,,,,,,,,,,,,,,,,,,,False
95,125,False,,,,,,,,,,,,,,,,,,,False
100,45,False,,,,,,,,,,,,,,,,,,,False
100,50,False,,,,,,,,,,,,,,,,,,,False
100,55,False,,,,,,,,,,,,,,,,,,,False
100,60,False,,,,,,,,,,,,,,,,,,,False
100,65,False,,,,,,,,,,,,,,,,,,,False
100,70,False,,,,,,,,,,,,,,,,,,,False
100,75,False,,,,,,,,,,,,,,,,,,,False
100,80,False,,,,,,,,,,,,,,,,,,,False
100,85,False,,,,,,,,,,,,,,,,,,,False
100,90,False,,,,,,,,,,,,,,,,,,,False
100,95,False,,,,,,,,,,,,,,,,,,,False
100,100,False,,,,,,,,,,,,,,,,,,,False
100,105,False,,,,,,,,,,,,,,,,,,,False
100,110,False,,,,,,,,,,,,,,,,,,,False
100,115,False,,,,,,,,,,,,,,,,,,,False
100,120,False,,,,,,,,,,,,,,,,,,,False
100,125,False,,,,,,,,,,,,,,,,,,,False
105,45,False,,,,,,,,,,,,,,,,,,,False
105,50,False,,,,,,,,,,,,,,,,,,,False
105,55,False,,,,,,,,,,,,,,,,,,,False
105,60,False,,,,,,,,,,,,,,,,,,,False
105,65,False,,,,,,,,,,,,,,,,,,,False
105,70,False,,,,,,,,,,,,,,,,,,,False
105,75,False,,,,,,,,,,,,,,,,,,,False
105,80,False,,,,,,,,,,,,,,,,,,,False
105,85,False,,,,,,,,,,,,,,,,,,,False
105,90,False,,,,,,,,,,,,,,,,,,,False
105,95,False,,,,,,,,,,,,,,,,,,,False
105,100,False,,,,,,,,,,,,,,,,,,,False
105,105,False,,,,,,,,,,,,,,,,,,,False
105,110,False,,,,,,,,,,,,,,,,,,,False
105,115,False,,,,,,,,,,,,,,,,,,,False
105,120,False,,,,,,,,,,,,,,,,,,,False
105,125,False,,,,,,,,,,,,,,,,,,,False
110,45,False,,,,,,,,,,,,,,,,,,,False
110,50,False,,,,,,,,,,,,,,,,,,,False
110,55,False,,,,,,,,,,,,,,,,,,,False
110,60,False,,,,,,,,,,,,,,,,,,,False
110,65,False,,,,,,,,,,,,,,,,,,,False
110,70,False,,,,,,,,,,,,,,,,,,,False
110,75,False,,,,,,,,,,,,,,,,,,,False
110,80,False,,,,,,,,,,,,,,,,,,,False
110,85,False,,,,,,,,,,,,,,,,,,,False
110,90,False,,,,,,,,,,,,,,,,,,,False
110,95,False,,,,,,,,,,,,,,,,,,,False
110,100,False,,,,,,,,,,,,,,,,,,,False
110,105,False,,,,,,,,,,,,,,,,,,,False
110,110,False,,,,,,,,,,,,,,,,,,,False
110,115,False,,,,,,,,,,,,,,,,,,,False
110,120,False,,,,,,,,,,,,,,,,,,,False
110,125,False,,,,,,,,,,,,,,,,,,,False
115,45,False,,,,,,,,,,,,,,,,,,,False
115,50,False,,,,,,,,,,,,,,,,,,,False
115,55,False,,,,,,,,,,,,,,,,,,,False
115,60,False,,,,,,,,,,,,,,,,,,,False
115,65,False,,,,,,,,,,,,,,,,,,,False
115,70,False,,,,,,,,,,,,,,,,,,,False
115,75,False,,,,,,,,,,,,,,,,,,,False
115,80,False,,,,,,,,,,,,,,,,,,,False
115,85,False,,,,,,,,,,,,,,,,,,,False
115,90,False,,,,,,,,,,,,,,,,,,,False
115,95,False,,,,,,,,,,,,,,,,,,,False
115,100,False,,,,,,,,,,,,,,,,,,,False
115,105,False,,,,,,,,,,,,,,,,,,,False
115,110,False,,,,,,,,,,,,,,,,,,,False
115,115,False,,,,,,,,,,,,,,,,,,,False
115,120,False,,,,,,,,,,,,,,,,,,,False
115,125,False,,,,,,,,,,,,,,,,,,,False
120,45,False,,,,,,,,,,,,,,,,,,,False
120,50,False,,,,,,,,,,,,,,,,,,,False
120,55,False,,,,,,,,,,,,,,,,,,,False
120,60,False,,,,,,,,,,,,,,,,,,,False
120,65,False,,,,,,,,,,,,,,,,,,,False
120,70,True,1.001705586638085,0.7758139495258605,120.00080554782284,70.00037489774982,0.000805547822835706,0.00037489774982191193,0.0008885131499853443,ok,123.04336405498907,119.98416810841414,70.02239452077319,96.19634980116635,49.96202091293195,72.01202818264414,5.814274364469792,-0.015831891585861513,0.022394520773190152,0.02742559665435408,True
120,75,True,1.0820309618318813,0.8621648697822832,120.00002131557959,75.03198590122892,2.131557958762187e-05,0.03198590122892142,0.03198590833133006,ok,141.25089161586948,120.00562283134565,75.00408120678517,98.9700189474786,45.002160804142775,72.01332393769779,5.573733190196787,0.005622831345647228,0.004081206785173208,0.006947840035934683,True
120,80,True,1.1549124261720758,0.947706954851272,119.99999999999999,79.99999999999999,-1.4210854715202004e-14,-1.4210854715202004e-14,2.0097183471152322e-14,ok,124.84714801493101,119.9992101095101,80.00133164390837,101.24896005510362,40.000298742035014,72.01341348992791,5.370266019942522,-0.0007898904898979708,0.0013316439083723708,0.0015482901810502123,True
120,85,False,,,,,,,,,,,,,,,,,,,False
120,90,False,,,,,,,,,,,,,,,,,,,False
120,95,False,,,,,,,,,,,,,,,,,,,False
120,100,False,,,,,,,,,,,,,,,,,,,False
120,105,False,,,,,,,,,,,,,,,,,,,False
120,110,False,,,,,,,,,,,,,,,,,,,False
120,115,False,,,,,,,,,,,,,,,,,,,False
120,120,False,,,,,,,,,,,,,,,,,,,False
120,125,False,,,,,,,,,,,,,,,,,,,False
125,45,False,,,,,,,,,,,,,,,,,,,False
125,50,False,,,,,,,,,,,,,,,,,,,False
125,55,False,,,,,,,,,,,,,,,,,,,False
125,60,False,,,,,,,,,,,,,,,,,,,False
125,65,True,1.001539471722842,0.6220506170529648,125.0,65.0,0.0,0.0,0.0,ok,123.31944934814237,124.97502857378663,65.03173740733124,96.28363111992459,59.94470380672992,72.01494320923909,5.820009549343168,-0.02497142621336934,0.03173740733123509,0.040383600028210516,True
125,70,True,1.0700374046981875,0.6720342630515159,125.0,70.0,0.0,0.0,0.0,ok,127.03950010007247,124.98735226181188,70.06727276907665,98.72560514285001,54.92048623095618,72.0139500298723,5.616486374134288,-0.012647738188121593,0.06727276907665214,0.06845137500821903,True
125,75,True,1.155693309552986,0.7388068458962561,125.00000000000001,75.0,1.4210854715202004e-14,0.0,1.4210854715202004e-14,ok,143.0692717519123,124.98867227450555,75.0161025847801,101.51591417502192,49.975231342976066,72.010443605001,5.380419481008163,-0.011327725494453489,0.01610258478009996,0.019687828764950146,True
125,80,True,1.2320607214479735,0.8034615948507343,125.00065472396865,79.99833965247596,0.000654723968651183,-0.00166034752403732,0.001784773760369424,ok,126.76913126697764,125.00554528591894,80.01424215318721,103.79796345740442,44.99115761530505,72.01319653952629,5.185229512590889,0.005545285918941545,0.01424215318721167,0.015283622716189212,True
125,85,True,1.30489410157714,0.8847863709940559,125.00085698195947,84.9978889600969,0.0008569819594725914,-0.002111039903098799,0.0022783563266830916,ok,170.55047944793478,124.98904106112232,85.01222262286325,106.0163444199034,39.97844524839377,72.01065593518138,4.9984240110304325,-0.010958938877678293,0.012222622863248489,0.01641617650312927,True
125,90,True,1.4115731695771896,0.9960542257926673,125.0,89.99999999999999,0.0,-1.4210854715202004e-14,1.4210854715202004e-14,ok,173.61194753902964,124.95182225095562,89.94936891525455,108.48707138202863,35.00684357403831,72.01059203750805,4.763213864023527,-0.048177749044384655,-0.0506310847454472,0.06988992949978103,True
125,95,False,,,,,,,,,,,,,,,,,,,False
125,100,False,,,,,,,,,,,,,,,,,,,False
125,105,False,,,,,,,,,,,,,,,,,,,False
125,110,False,,,,,,,,,,,,,,,,,,,False
125,115,False,,,,,,,,,,,,,,,,,,,False
125,120,False,,,,,,,,,,,,,,,,,,,False
125,125,False,,,,,,,,,,,,,,,,,,,False
130,45,False,,,,,,,,,,,,,,,,,,,False
130,50,False,,,,,,,,,,,,,,,,,,,False
130,55,False,,,,,,,,,,,,,,,,,,,False
130,60,False,,,,,,,,,,,,,,,,,,,False
130,65,True,1.0697181709719985,0.5452456792636011,130.0,64.99999999999999,0.0,-1.4210854715202004e-14,1.4210854715202004e-14,ok,144.6041360029485,130.09243032768802,65.10932919313416,98.83787879507234,64.98288085865717,72.00251556999206,5.618572770746845,0.09243032768802095,0.10932919313415823,0.143165072374099,True
130,70,True,1.1430264061387518,0.5857579542835298,130.0,70.0,0.0,0.0,0.0,ok,124.35179842007346,129.97597263722443,70.07769872686075,101.21277996097811,59.898809737022674,72.01214009635729,5.418415378698726,-0.024027362775569827,0.07769872686074564,0.08132900047172345,True
130,75,True,1.2352271706813767,0.6380220360031391,130.0,74.99999999999999,0.0,-1.4210854715202004e-14,1.4210854715202004e-14,ok,127.44749112077989,129.97793259390966,75.03228105072932,104.04704672128193,54.94917562815117,72.0150028716701,5.184836667501538,-0.02206740609034341,0.03228105072932408,0.03910289820135229,True
130,80,True,1.3146486422402837,0.6882152756416342,130.13616990469689,80.1796447979878,0.13616990469688517,0.1796447979878053,0.22542070976118891,ok,124.85459951404482,129.95784029684938,79.97899467125731,106.26834384397083,49.980390807800276,72.0106599203006,4.997962530907751,-0.04215970315061668,-0.02100532874268879,0.04710270061617004,True
130,85,True,1.3845280588493847,0.7487199597288663,130.01243669378192,85.01607515367334,0.012436693781921804,0.016075153673341447,0.020324416789832753,ok,156.10605016816407,129.77424335248918,84.67679291848361,108.27400277833124,45.09675001330426,72.01090298098075,4.832108555874544,-0.22575664751082059,-0.32320708151638655,0.3942446974122354,True
130,90,True,1.5006928388470326,0.8309418661654581,130.0,89.99999999999999,0.0,-1.4210854715202004e-14,1.4210854715202004e-14,ok,181.0144938628655,129.9711694477868,89.990072006866,111.08205744567795,39.984274231345644,72.01073246441766,4.585376527347565,-0.02883055221320774,-0.00992799313399928,0.030492061074765583,True
130,95,True,1.6,0.9402420255940995,129.44897494064924,94.86141821571114,-0.5510250593507635,-0.13858178428885992,0.5681844128178778,ok,179.37024569697678,129.44569917262749,94.87610466406122,113.12717072166717,34.57065354089305,72.01382800978362,4.391224918401548,-0.554300827372515,-0.12389533593878355,0.5679783987910444,True
130,100,False,,,,,,,,,,,,,,,,,,,False
130,105,False,,,,,,,,,,,,,,,,,,,False
130,110,False,,,,,,,,,,,,,,,,,,,False
130,115,False,,,,,,,,,,,,,,,,,,,False
130,120,False,,,,,,,,,,,,,,,,,,,False
130,125,False,,,,,,,,,,,,,,,,,,,False
135,45,False,,,,,,,,,,,,,,,,,,,False
135,50,False,,,,,,,,,,,,,,,,,,,False
135,55,False,,,,,,,,,,,,,,,,,,,False
135,60,False,,,,,,,,,,,,,,,,,,,False
135,65,False,,,,,,,,,,,,,,,,,,,False
135,70,True,1.222459150664789,0.5129545031380969,135.0,70.0,0.0,0.0,0.0,ok,130.87148286495358,134.97359866763787,70.09215586413731,103.69387665943589,64.88303718977646,72.01074663251799,5.216988406635473,-0.02640133236212705,0.09215586413731103,0.09586309845498436,True
135,75,True,1.3209105046714749,0.5544532598594867,135.0,74.99999999999999,0.0,-1.4210854715202004e-14,1.4210854715202004e-14,ok,126.67937820288353,134.99415671928858,75.02111452024627,106.52999816764392,59.973256471488206,72.01308906043408,4.987916178718276,-0.005843280711417265,0.021114520246271695,0.021908146765590154,True
135,80,True,1.4056958391044398,0.5933388485206056,135.00000000000003,80.0,2.842170943040401e-14,0.0,2.842170943040401e-14,ok,121.50161114498042,134.96551892006835,79.97434688533387,108.75419276095245,54.993026032191565,72.0137674759603,4.805402669723835,-0.03448107993165195,-0.025653114666127408,0.042977053939590275,True
135,85,True,1.4875322362704806,0.6385659949592957,135.0,84.99999999999999,0.0,-1.4210854715202004e-14,1.4210854715202004e-14,ok,186.52542316098697,135.00074731194508,85.05757272096312,111.04267603402707,49.94547836443961,72.01073223142893,4.619962665324541,0.0007473119450764898,0.05757272096312249,0.057577570930361574,True
135,90,True,1.6,0.7062222401332221,134.78758658615533,90.0324130286611,-0.21241341384467205,0.03241302866109663,0.21487220110598995,ok,199.02743040095083,134.79925829247145,90.06733983948914,113.59302985949714,44.73545971475573,72.01083444057967,4.399509254874298,-0.20074170752855025,0.06733983948913647,0.21173541773614699,True
135,95,False,,,,,,,,,,,,,,,,,,,False
135,100,False,,,,,,,,,,,,,,,,,,,False
135,105,False,,,,,,,,,,,,,,,,,,,False
135,110,False,,,,,,,,,,,,,,,,,,,False
135,115,False,,,,,,,,,,,,,,,,,,,False
135,120,False,,,,,,,,,,,,,,,,,,,False
135,125,False,,,,,,,,,,,,,,,,,,,False
140,45,False,,,,,,,,,,,,,,,,,,,False
140,50,False,,,,,,,,,,,,,,,,,,,False
140,55,False,,,,,,,,,,,,,,,,,,,False
140,60,False,,,,,,,,,,,,,,,,,,,False
140,65,False,,,,,,,,,,,,,,,,,,,False
140,70,False,,,,,,,,,,,,,,,,,,,False
140,75,False,,,,,,,,,,,,,,,,,,,False
140,80,True,1.4868038628134888,0.5159186357874086,140.0,79.99999999999999,0.0,-1.4210854715202004e-14,1.4210854715202004e-14,ok,211.24820327805355,140.03021579462694,80.13978667050492,111.31780792048319,59.89067655104957,72.01218782821446,4.611236653001531,0.03021579462694035,0.13978667050491822,0.14301506038102424,True
140,85,True,1.5902545101622105,0.548401080453838,140.00219191529848,85.001980288013,0.002191915298482172,0.001980288013001541,0.0029539860003320565,ok,171.50498225912452,139.99942485052446,85.01040207125861,113.48002905883817,54.98980732799219,72.01168648846917,4.427334723161138,-0.0005751494755372732,0.01040207125861059,0.010417959655730257,True
140,90,False,,,,,,,,,,,,,,,,,,,False
140,95,False,,,,,,,,,,,,,,,,,,,False
140,100,False,,,,,,,,,,,,,,,,,,,False
140,105,False,,,,,,,,,,,,,,,,,,,False
140,110,False,,,,,,,,,,,,,,,,,,,False
140,115,False,,,,,,,,,,,,,,,,,,,False
140,120,False,,,,,,,,,,,,,,,,,,,False
140,125,False,,,,,,,,,,,,,,,,,,,False
145,45,False,,,,,,,,,,,,,,,,,,,False
145,50,False,,,,,,,,,,,,,,,,,,,False
145,55,False,,,,,,,,,,,,,,,,,,,False
145,60,False,,,,,,,,,,,,,,,,,,,False
145,65,False,,,,,,,,,,,,,,,,,,,False
145,70,False,,,,,,,,,,,,,,,,,,,False
145,75,False,,,,,,,,,,,,,,,,,,,False
145,80,False,,,,,,,,,,,,,,,,,,,False
145,85,False,,,,,,,,,,,,,,,,,,,False
145,90,False,,,,,,,,,,,,,,,,,,,False
145,95,False,,,,,,,,,,,,,,,,,,,False
145,100,False,,,,,,,,,,,,,,,,,,,False
145,105,False,,,,,,,,,,,,,,,,,,,False
145,110,False,,,,,,,,,,,,,,,,,,,False
145,115,False,,,,,,,,,,,,,,,,,,,False
145,120,False,,,,,,,,,,,,,,,,,,,False
145,125,False,,,,,,,,,,,,,,,,,,,False
150,45,False,,,,,,,,,,,,,,,,,,,False
150,50,False,,,,,,,,,,,,,,,,,,,False
150,55,False,,,,,,,,,,,,,,,,,,,False
150,60,False,,,,,,,,,,,,,,,,,,,False
150,65,False,,,,,,,,,,,,,,,,,,,False
150,70,False,,,,,,,,,,,,,,,,,,,False
150,75,False,,,,,,,,,,,,,,,,,,,False
150,80,False,,,,,,,,,,,,,,,,,,,False
150,85,False,,,,,,,,,,,,,,,,,,,False
150,90,False,,,,,,,,,,,,,,,,,,,False
150,95,False,,,,,,,,,,,,,,,,,,,False
150,100,False,,,,,,,,,,,,,,,,,,,False
150,105,False,,,,,,,,,,,,,,,,,,,False
150,110,False,,,,,,,,,,,,,,,,,,,False
150,115,False,,,,,,,,,,,,,,,,,,,False
150,120,False,,,,,,,,,,,,,,,,,,,False
150,125,False,,,,,,,,,,,,,,,,,,,False
155,45,False,,,,,,,,,,,,,,,,,,,False
155,50,False,,,,,,,,,,,,,,,,,,,False
155,55,False,,,,,,,,,,,,,,,,,,,False
155,60,False,,,,,,,,,,,,,,,,,,,False
155,65,False,,,,,,,,,,,,,,,,,,,False
155,70,False,,,,,,,,,,,,,,,,,,,False
155,75,False,,,,,,,,,,,,,,,,,,,False
155,80,False,,,,,,,,,,,,,,,,,,,False
155,85,False,,,,,,,,,,,,,,,,,,,False
155,90,False,,,,,,,,,,,,,,,,,,,False
155,95,False,,,,,,,,,,,,,,,,,,,False
155,100,False,,,,,,,,,,,,,,,,,,,False
155,105,False,,,,,,,,,,,,,,,,,,,False
155,110,False,,,,,,,,,,,,,,,,,,,False
155,115,False,,,,,,,,,,,,,,,,,,,False
155,120,False,,,,,,,,,,,,,,,,,,,False
155,125,False,,,,,,,,,,,,,,,,,,,False
160,45,False,,,,,,,,,,,,,,,,,,,False
160,50,False,,,,,,,,,,,,,,,,,,,False
160,55,False,,,,,,,,,,,,,,,,,,,False
160,60,False,,,,,,,,,,,,,,,,,,,False
160,65,False,,,,,,,,,,,,,,,,,,,False
160,70,False,,,,,,,,,,,,,,,,,,,False
160,75,False,,,,,,,,,,,,,,,,,,,False
160,80,False,,,,,,,,,,,,,,,,,,,False
160,85,False,,,,,,,,,,,,,,,,,,,False
160,90,False,,,,,,,,,,,,,,,,,,,False
160,95,False,,,,,,,,,,,,,,,,,,,False
160,100,False,,,,,,,,,,,,,,,,,,,False
160,105,False,,,,,,,,,,,,,,,,,,,False
160,110,False,,,,,,,,,,,,,,,,,,,False
160,115,False,,,,,,,,,,,,,,,,,,,False
160,120,False,,,,,,,,,,,,,,,,,,,False
160,125,False,,,,,,,,,,,,,,,,,,,False
165,45,False,,,,,,,,,,,,,,,,,,,False
165,50,False,,,,,,,,,,,,,,,,,,,False
165,55,False,,,,,,,,,,,,,,,,,,,False
165,60,False,,,,,,,,,,,,,,,,,,,False
165,65,False,,,,,,,,,,,,,,,,,,,False
165,70,False,,,,,,,,,,,,,,,,,,,False
165,75,False,,,,,,,,,,,,,,,,,,,False
165,80,False,,,,,,,,,,,,,,,,,,,False
165,85,False,,,,,,,,,,,,,,,,,,,False
165,90,False,,,,,,,,,,,,,,,,,,,False
165,95,False,,,,,,,,,,,,,,,,,,,False
165,100,False,,,,,,,,,,,,,,,,,,,False
165,105,False,,,,,,,,,,,,,,,,,,,False
165,110,False,,,,,,,,,,,,,,,,,,,False
165,115,False,,,,,,,,,,,,,,,,,,,False
165,120,False,,,,,,,,,,,,,,,,,,,False
165,125,False,,,,,,,,,,,,,,,,,,,False
170,45,False,,,,,,,,,,,,,,,,,,,False
170,50,False,,,,,,,,,,,,,,,,,,,False
170,55,False,,,,,,,,,,,,,,,,,,,False
170,60,False,,,,,,,,,,,,,,,,,,,False
170,65,False,,,,,,,,,,,,,,,,,,,False
170,70,False,,,,,,,,,,,,,,,,,,,False
170,75,False,,,,,,,,,,,,,,,,,,,False
170,80,False,,,,,,,,,,,,,,,,,,,False
170,85,False,,,,,,,,,,,,,,,,,,,False
170,90,False,,,,,,,,,,,,,,,,,,,False
170,95,False,,,,,,,,,,,,,,,,,,,False
170,100,False,,,,,,,,,,,,,,,,,,,False
170,105,False,,,,,,,,,,,,,,,,,,,False
170,110,False,,,,,,,,,,,,,,,,,,,False
170,115,False,,,,,,,,,,,,,,,,,,,False
170,120,False,,,,,,,,,,,,,,,,,,,False
170,125,False,,,,,,,,,,,,,,,,,,,False
175,45,False,,,,,,,,,,,,,,,,,,,False
175,50,False,,,,,,,,,,,,,,,,,,,False
175,55,False,,,,,,,,,,,,,,,,,,,False
175,60,False,,,,,,,,,,,,,,,,,,,False
175,65,False,,,,,,,,,,,,,,,,,,,False
175,70,False,,,,,,,,,,,,,,,,,,,False
175,75,False,,,,,,,,,,,,,,,,,,,False
175,80,False,,,,,,,,,,,,,,,,,,,False
175,85,False,,,,,,,,,,,,,,,,,,,False
175,90,False,,,,,,,,,,,,,,,,,,,False
175,95,False,,,,,,,,,,,,,,,,,,,False
175,100,False,,,,,,,,,,,,,,,,,,,False
175,105,False,,,,,,,,,,,,,,,,,,,False
175,110,False,,,,,,,,,,,,,,,,,,,False
175,115,False,,,,,,,,,,,,,,,,,,,False
175,120,False,,,,,,,,,,,,,,,,,,,False
175,125,False,,,,,,,,,,,,,,,,,,,False
180,45,False,,,,,,,,,,,,,,,,,,,False
180,50,False,,,,,,,,,,,,,,,,,,,False
180,55,False,,,,,,,,,,,,,,,,,,,False
180,60,False,,,,,,,,,,,,,,,,,,,False
180,65,False,,,,,,,,,,,,,,,,,,,False
180,70,False,,,,,,,,,,,,,,,,,,,False
180,75,False,,,,,,,,,,,,,,,,,,,False
180,80,False,,,,,,,,,,,,,,,,,,,False
180,85,False,,,,,,,,,,,,,,,,,,,False
180,90,False,,,,,,,,,,,,,,,,,,,False
180,95,False,,,,,,,,,,,,,,,,,,,False
180,100,False,,,,,,,,,,,,,,,,,,,False
180,105,False,,,,,,,,,,,,,,,,,,,False
180,110,False,,,,,,,,,,,,,,,,,,,False
180,115,False,,,,,,,,,,,,,,,,,,,False
180,120,False,,,,,,,,,,,,,,,,,,,False
180,125,False,,,,,,,,,,,,,,,,,,,False
185,45,False,,,,,,,,,,,,,,,,,,,False
185,50,False,,,,,,,,,,,,,,,,,,,False
185,55,False,,,,,,,,,,,,,,,,,,,False
185,60,False,,,,,,,,,,,,,,,,,,,False
185,65,False,,,,,,,,,,,,,,,,,,,False
185,70,False,,,,,,,,,,,,,,,,,,,False
185,75,False,,,,,,,,,,,,,,,,,,,False
185,80,False,,,,,,,,,,,,,,,,,,,False
185,85,False,,,,,,,,,,,,,,,,,,,False
185,90,False,,,,,,,,,,,,,,,,,,,False
185,95,False,,,,,,,,,,,,,,,,,,,False
185,100,False,,,,,,,,,,,,,,,,,,,False
185,105,False,,,,,,,,,,,,,,,,,,,False
185,110,False,,,,,,,,,,,,,,,,,,,False
185,115,False,,,,,,,,,,,,,,,,,,,False
185,120,False,,,,,,,,,,,,,,,,,,,False
185,125,False,,,,,,,,,,,,,,,,,,,False
190,45,False,,,,,,,,,,,,,,,,,,,False
190,50,False,,,,,,,,,,,,,,,,,,,False
190,55,False,,,,,,,,,,,,,,,,,,,False
190,60,False,,,,,,,,,,,,,,,,,,,False
190,65,False,,,,,,,,,,,,,,,,,,,False
190,70,False,,,,,,,,,,,,,,,,,,,False
190,75,False,,,,,,,,,,,,,,,,,,,False
190,80,False,,,,,,,,,,,,,,,,,,,False
190,85,False,,,,,,,,,,,,,,,,,,,False
190,90,False,,,,,,,,,,,,,,,,,,,False
190,95,False,,,,,,,,,,,,,,,,,,,False
190,100,False,,,,,,,,,,,,,,,,,,,False
190,105,False,,,,,,,,,,,,,,,,,,,False
190,110,False,,,,,,,,,,,,,,,,,,,False
190,115,False,,,,,,,,,,,,,,,,,,,False
190,120,False,,,,,,,,,,,,,,,,,,,False
190,125,False,,,,,,,,,,,,,,,,,,,False
195,45,False,,,,,,,,,,,,,,,,,,,False
195,50,False,,,,,,,,,,,,,,,,,,,False
195,55,False,,,,,,,,,,,,,,,,,,,False
195,60,False,,,,,,,,,,,,,,,,,,,False
195,65,False,,,,,,,,,,,,,,,,,,,False
195,70,False,,,,,,,,,,,,,,,,,,,False
195,75,False,,,,,,,,,,,,,,,,,,,False
195,80,False,,,,,,,,,,,,,,,,,,,False
195,85,False,,,,,,,,,,,,,,,,,,,False
195,90,False,,,,,,,,,,,,,,,,,,,False
195,95,False,,,,,,,,,,,,,,,,,,,False
195,100,False,,,,,,,,,,,,,,,,,,,False
195,105,False,,,,,,,,,,,,,,,,,,,False
195,110,False,,,,,,,,,,,,,,,,,,,False
195,115,False,,,,,,,,,,,,,,,,,,,False
195,120,False,,,,,,,,,,,,,,,,,,,False
195,125,False,,,,,,,,,,,,,,,,,,,False
200,45,False,,,,,,,,,,,,,,,,,,,False
200,50,False,,,,,,,,,,,,,,,,,,,False
200,55,False,,,,,,,,,,,,,,,,,,,False
200,60,False,,,,,,,,,,,,,,,,,,,False
200,65,False,,,,,,,,,,,,,,,,,,,False
200,70,False,,,,,,,,,,,,,,,,,,,False
200,75,False,,,,,,,,,,,,,,,,,,,False
200,80,False,,,,,,,,,,,,,,,,,,,False
200,85,False,,,,,,,,,,,,,,,,,,,False
200,90,False,,,,,,,,,,,,,,,,,,,False
200,95,False,,,,,,,,,,,,,,,,,,,False
200,100,False,,,,,,,,,,,,,,,,,,,False
200,105,False,,,,,,,,,,,,,,,,,,,False
200,110,False,,,,,,,,,,,,,,,,,,,False
200,115,False,,,,,,,,,,,,,,,,,,,False
200,120,False,,,,,,,,,,,,,,,,,,,False
200,125,False,,,,,,,,,,,,,,,,,,,False
205,45,False,,,,,,,,,,,,,,,,,,,False
205,50,False,,,,,,,,,,,,,,,,,,,False
205,55,False,,,,,,,,,,,,,,,,,,,False
205,60,False,,,,,,,,,,,,,,,,,,,False
205,65,False,,,,,,,,,,,,,,,,,,,False
205,70,False,,,,,,,,,,,,,,,,,,,False
205,75,False,,,,,,,,,,,,,,,,,,,False
205,80,False,,,,,,,,,,,,,,,,,,,False
205,85,False,,,,,,,,,,,,,,,,,,,False
205,90,False,,,,,,,,,,,,,,,,,,,False
205,95,False,,,,,,,,,,,,,,,,,,,False
205,100,False,,,,,,,,,,,,,,,,,,,False
205,105,False,,,,,,,,,,,,,,,,,,,False
205,110,False,,,,,,,,,,,,,,,,,,,False
205,115,False,,,,,,,,,,,,,,,,,,,False
205,120,False,,,,,,,,,,,,,,,,,,,False
205,125,False,,,,,,,,,,,,,,,,,,,False
210,45,False,,,,,,,,,,,,,,,,,,,False
210,50,False,,,,,,,,,,,,,,,,,,,False
210,55,False,,,,,,,,,,,,,,,,,,,False
210,60,False,,,,,,,,,,,,,,,,,,,False
210,65,False,,,,,,,,,,,,,,,,,,,False
210,70,False,,,,,,,,,,,,,,,,,,,False
210,75,False,,,,,,,,,,,,,,,,,,,False
210,80,False,,,,,,,,,,,,,,,,,,,False
210,85,False,,,,,,,,,,,,,,,,,,,False
210,90,False,,,,,,,,,,,,,,,,,,,False
210,95,False,,,,,,,,,,,,,,,,,,,False
210,100,False,,,,,,,,,,,,,,,,,,,False
210,105,False,,,,,,,,,,,,,,,,,,,False
210,110,False,,,,,,,,,,,,,,,,,,,False
210,115,False,,,,,,,,,,,,,,,,,,,False
210,120,False,,,,,,,,,,,,,,,,,,,False
210,125,False,,,,,,,,,,,,,,,,,,,False
