grid_id,resistance_multiplier,compliance_multiplier,status,restabilization_wall_s,baseline_systolic_mmHg,baseline_diastolic_mmHg,baseline_map_mmHg,baseline_heart_rate_per_min,baseline_cardiac_output_L_min,baseline_stroke_volume_mL,baseline_systemic_vascular_resistance_mmHg_s_mL,baseline_blood_volume_mL,baseline_baroreceptor_heart_rate_scale,baseline_baroreceptor_heart_elastance_scale,baseline_baroreceptor_resistance_scale,baseline_baroreceptor_compliance_scale,baseline_pulse_pressure_mmHg,achieved_systolic_mmHg,achieved_diastolic_mmHg,achieved_map_mmHg,achieved_heart_rate_per_min,achieved_cardiac_output_L_min,achieved_stroke_volume_mL,achieved_systemic_vascular_resistance_mmHg_s_mL,achieved_blood_volume_mL,achieved_baroreceptor_heart_rate_scale,achieved_baroreceptor_heart_elastance_scale,achieved_baroreceptor_resistance_scale,achieved_baroreceptor_compliance_scale,achieved_pulse_pressure_mmHg
R1.00_C0.50,1.0,0.5,ok,171.2496192920953,114.26469210777472,73.58841215856145,95.33053876478468,72.00445607717201,5.786797872847419,80.36571875019953,0.939634108459266,5489.01849115801,0.9999124006519525,0.9999955757905031,0.9999642737257897,1.0000090158914585,40.6742257709992,130.78645718739344,59.48879756600981,96.46435004510344,72.01277922553396,5.827080716702383,80.91637711339087,0.9443234687854942,5520.370410457172,0.999971280738394,0.999998549532242,0.9999877912975622,1.0000032129213108,71.29719935677349
R1.00_C0.55,1.0,0.55,ok,186.5839666130487,114.26469210777472,73.58841215856145,95.33053876478468,72.00445607717201,5.786797872847419,80.36571875019953,0.939634108459266,5489.01849115801,0.9999124006519525,0.9999955757905031,0.9999642737257897,1.0000090158914585,40.6742257709992,128.31602192800642,62.07875535490747,96.53543505770807,72.01384170732061,5.8288704402306895,80.94244648127282,0.9447853617083459,5522.2259588190755,0.9999603516979318,0.9999979975605011,0.9999845885062181,1.0000036920668198,66.23656137999092
R1.00_C0.60,1.0,0.6,ok,124.92452252004296,114.26469210777472,73.58841215856145,95.33053876478468,72.00445607717201,5.786797872847419,80.36571875019953,0.939634108459266,5489.01849115801,0.9999124006519525,0.9999955757905031,0.9999642737257897,1.0000090158914585,40.6742257709992,125.80147980188104,64.04906773693094,96.22842091961664,72.01394441018651,5.824689267071675,80.88602636107643,0.9423382623689391,5511.868160263057,0.9999650196371768,0.9999982333150095,0.9999860037919249,1.0000034394067039,61.75440439560438
R1.00_C0.65,1.0,0.65,ok,122.70797346695326,114.26469210777472,73.58841215856145,95.33053876478468,72.00445607717201,5.786797872847419,80.36571875019953,0.939634108459266,5489.01849115801,0.9999124006519525,0.9999955757905031,0.9999642737257897,1.0000090158914585,40.6742257709992,123.89159035919319,66.03218533190474,96.21610614400666,72.01520356618106,5.824321456902981,80.87704547988554,0.942332839329286,5511.987505542766,0.9999887532898015,0.9999994319843344,0.9999969393549384,1.0000003197746903,57.86211531581397
R1.00_C0.70,1.0,0.7,ok,121.97049640887417,114.26469210777472,73.58841215856145,95.33053876478468,72.00445607717201,5.786797872847419,80.36571875019953,0.939634108459266,5489.01849115801,0.9999124006519525,0.9999955757905031,0.9999642737257897,1.0000090158914585,40.6742257709992,122.18913469587115,67.7920661480409,96.18958045364661,72.0131304957974,5.822720686004585,80.85862527330454,0.9423100009894763,5512.109404444911,0.9999487812193615,0.9999974131928968,0.9999792211171623,1.0000052173252592,54.39790394575439
R1.00_C0.75,1.0,0.75,ok,127.86342274607159,114.26469210777472,73.58841215856145,95.33053876478468,72.00445607717201,5.786797872847419,80.36571875019953,0.939634108459266,5489.01849115801,0.9999124006519525,0.9999955757905031,0.9999642737257897,1.0000090158914585,40.6742257709992,120.66294007259685,69.3631590451427,96.15460679494757,72.01472774595217,5.820905513561336,80.83190017672878,0.9423209044642159,5512.232622886008,0.9999601304755342,0.9999979863876531,0.9999853485209715,1.0000036172464197,51.30170102650139
R1.00_C0.80,1.0,0.8,ok,139.2789160409011,114.26469210777472,73.58841215856145,95.33053876478468,72.00445607717201,5.786797872847419,80.36571875019953,0.939634108459266,5489.01849115801,0.9999124006519525,0.9999955757905031,0.9999642737257897,1.0000090158914585,40.6742257709992,119.28862053203525,70.472073479859,96.11261994295486,72.01201988546129,5.818505997222575,80.80021625367262,0.9422457870742991,5512.355387090602,0.9998739635297165,0.9999936345217026,0.9999472504138789,1.000013672560788,48.81607329963576
R1.00_C0.85,1.0,0.85,ok,123.3917243219912,114.26469210777472,73.58841215856145,95.33053876478468,72.00445607717201,5.786797872847419,80.36571875019953,0.939634108459266,5489.01849115801,0.9999124006519525,0.9999955757905031,0.9999642737257897,1.0000090158914585,40.6742257709992,118.03989384984368,71.47512889244734,96.06395166216602,72.01160251119526,5.815750431872992,80.76337648562556,0.9422045494845468,5512.489690384182,0.9998051790006053,0.9999901605555865,0.9999184359428965,1.0000211516624966,46.564074774485704
R1.00_C0.90,1.0,0.9,ok,127.52951620402746,114.26469210777472,73.58841215856145,95.33053876478468,72.00445607717201,5.786797872847419,80.36571875019953,0.939634108459266,5489.01849115801,0.9999124006519525,0.9999955757905031,0.9999642737257897,1.0000090158914585,40.6742257709992,116.8968151785163,72.40154831595885,96.00672732888466,72.01042662591558,5.812437526063345,80.71874831828359,0.9422006551281652,5512.636106111261,0.9997080344744422,0.9999852542663858,0.9998769687165122,1.0000323367038688,44.49601764817513
R1.00_C0.95,1.0,0.95,ok,141.23768516490236,114.26469210777472,73.58841215856145,95.33053876478468,72.00445607717201,5.786797872847419,80.36571875019953,0.939634108459266,5489.01849115801,0.9999124006519525,0.9999955757905031,0.9999642737257897,1.0000090158914585,40.6742257709992,115.84669474323272,73.25623123262515,95.94395483380751,72.00897271691917,5.809087649031703,80.67118606674609,0.9421896703767884,5512.7928639810725,0.9995722170533098,0.9999783948006731,0.9998194580196353,1.0000469030638648,42.59291502856336
R1.00_C1.00,1.0,1.0,ok,134.32033557491377,114.26469210777472,73.58841215856145,95.33053876478468,72.00445607717201,5.786797872847419,80.36571875019953,0.939634108459266,5489.01849115801,0.9999124006519525,0.9999955757905031,0.9999642737257897,1.0000090158914585,40.6742257709992,114.88973617251622,74.05169719226211,95.8867918611256,72.01152612848085,5.805356291922148,80.62321897720207,0.942229795938393,5512.958352853358,0.999744353366089,0.9999870885538427,0.9998923098635029,1.0000279208615601,40.839450107814905
R1.05_C0.50,1.05,0.5,ok,142.58958720997907,114.26469210777472,73.58841215856145,95.33053876478468,72.00445607717201,5.786797872847419,80.36571875019953,0.939634108459266,5489.01849115801,0.9999124006519525,0.9999955757905031,0.9999642737257897,1.0000090158914585,40.6742257709992,131.7441559016832,61.74964943632543,98.04125179211101,72.01274809692671,5.674710373007363,78.80599460509362,0.9875679020140627,5508.930513009316,0.9999681818990266,0.9999983930252033,0.999986500121488,1.0000035456082341,69.99552294480637
R1.05_C0.55,1.05,0.55,ok,142.56877407990396,114.26469210777472,73.58841215856145,95.33053876478468,72.00445607717201,5.786797872847419,80.36571875019953,0.939634108459266,5489.01849115801,0.9999124006519525,0.9999955757905031,0.9999642737257897,1.0000090158914585,40.6742257709992,129.2798291795379,64.29220294911869,98.05328372970862,72.0120645538365,5.675926325181544,78.81972515187678,0.9875218071387889,5509.0299320183285,0.9998191161943566,0.9999908644542607,0.9999245469122664,1.0000194971319094,64.98864880081204
R1.05_C0.60,1.05,0.6,ok,142.67899647308514,114.26469210777472,73.58841215856145,95.33053876478468,72.00445607717201,5.786797872847419,80.36571875019953,0.939634108459266,5489.01849115801,0.9999124006519525,0.9999955757905031,0.9999642737257897,1.0000090158914585,40.6742257709992,127.12677249150016,66.5289096457133,98.04749126081263,72.0101695173833,5.675467916702962,78.81918602389493,0.9875159512256109,5509.131139596163,0.9996963647629211,0.999984664887016,0.9998717782772577,1.0000335345537628,60.599751551447746
R1.05_C0.65,1.05,0.65,ok,117.87347437790595,114.26469210777472,73.58841215856145,95.33053876478468,72.00445607717201,5.786797872847419,80.36571875019953,0.939634108459266,5489.01849115801,0.9999124006519525,0.9999955757905031,0.9999642737257897,1.0000090158914585,40.6742257709992,125.22798834384648,68.50433712827066,98.02882677124646,72.01165736032874,5.674746599931433,78.8073513754418,0.9875633895835818,5509.235734091071,0.9997978301474477,0.999989789401386,0.9999154123274612,1.0000219324131396,56.73047476923564
R1.05_C0.70,1.05,0.7,ok,121.3493185217958,114.26469210777472,73.58841215856145,95.33053876478468,72.00445607717201,5.786797872847419,80.36571875019953,0.939634108459266,5489.01849115801,0.9999124006519525,0.9999955757905031,0.9999642737257897,1.0000090158914585,40.6742257709992,123.54460883966797,70.05893036916527,98.00011365146744,72.00996558205065,5.673109073047042,78.78670084862273,0.9875066340894394,5509.3401525710615,0.9996125271016625,0.9999804306617004,0.999834246305038,1.000043266548741,53.48716294670859
R1.05_C0.75,1.05,0.75,ok,121.48249548207968,114.26469210777472,73.58841215856145,95.33053876478468,72.00445607717201,5.786797872847419,80.36571875019953,0.939634108459266,5489.01849115801,0.9999124006519525,0.9999955757905031,0.9999642737257897,1.0000090158914585,40.6742257709992,122.02881124595135,71.24907115583557,97.95618726777735,72.0055691174108,5.671148090457388,78.7596835439985,0.9874928079673746,5509.452295799532,0.9992902815990319,0.9999641556363147,0.9996986084510857,1.0000804605878884,50.77766651388556
R1.05_C0.80,1.05,0.8,ok,118.92367636994459,114.26469210777472,73.58841215856145,95.33053876478468,72.00445607717201,5.786797872847419,80.36571875019953,0.939634108459266,5489.01849115801,0.9999124006519525,0.9999955757905031,0.9999642737257897,1.0000090158914585,40.6742257709992,120.67810668351078,72.36897587804125,97.92275083718596,72.01411631577173,5.66890942374882,78.71963618956795,0.9875474925075367,5509.580536588526,0.9999556989383651,0.9999977625726444,0.9999834087185491,1.0000037732619278,48.310936320127176
R1.05_C0.85,1.05,0.85,ok,119.01093794382177,114.26469210777472,73.58841215856145,95.33053876478468,72.00445607717201,5.786797872847419,80.36571875019953,0.939634108459266,5489.01849115801,0.9999124006519525,0.9999955757905031,0.9999642737257897,1.0000090158914585,40.6742257709992,119.4428077919112,73.38685984331914,97.87112136686068,72.01557414193724,5.666389391373081,78.68155990856023,0.9875180540059807,5509.723207884091,1.000013313965641,1.0000006724225061,1.000009920740111,0.9999962564354047,46.06137343382357
R1.05_C0.90,1.05,0.9,ok,127.46931204781868,114.26469210777472,73.58841215856145,95.33053876478468,72.00445607717201,5.786797872847419,80.36571875019953,0.939634108459266,5489.01849115801,0.9999124006519525,0.9999955757905031,0.9999642737257897,1.0000090158914585,40.6742257709992,118.30957683933656,74.38428837342286,97.81353232898549,72.01336680317621,5.662994665268249,78.6382884168518,0.9875006951039955,5509.877428316309,0.9999639375015009,0.999998178661693,0.9999855918620428,1.000003534379672,43.92690041092586
R1.05_C0.95,1.05,0.95,ok,120.68737317807972,114.26469210777472,73.58841215856145,95.33053876478468,72.00445607717201,5.786797872847419,80.36571875019953,0.939634108459266,5489.01849115801,0.9999124006519525,0.9999955757905031,0.9999642737257897,1.0000090158914585,40.6742257709992,117.26536617891531,75.42579960309638,97.75713816836982,72.01447019521937,5.659925027011335,78.59720881646977,0.9874698443734701,5510.039584046618,0.9999799575420016,0.999998987754646,0.9999932357263948,1.0000013304446678,41.84085470341494
R1.05_C1.00,1.05,1.0,ok,120.40497747599147,114.26469210777472,73.58841215856145,95.33053876478468,72.00445607717201,5.786797872847419,80.36571875019953,0.939634108459266,5489.01849115801,0.9999124006519525,0.9999955757905031,0.9999642737257897,1.0000090158914585,40.6742257709992,116.29573920982398,76.36603277134671,97.68902667817547,72.01296761055568,5.65625834642362,78.54621762912447,0.987430745028081,5510.21100864144,0.9999794182136792,0.9999989605158416,0.9999916129679187,1.0000021163196164,39.93205830850894
R1.10_C0.50,1.1,0.5,ok,130.53750240500085,114.26469210777472,73.58841215856145,95.33053876478468,72.00445607717201,5.786797872847419,80.36571875019953,0.939634108459266,5489.01849115801,0.9999124006519525,0.9999955757905031,0.9999642737257897,1.0000090158914585,40.6742257709992,132.96221372876587,64.1514658501017,99.78337176157731,72.01415465044778,5.53392120915365,76.84864947342398,1.0327976006385176,5506.333385790926,0.9999608574809433,0.9999980231050977,0.9999856390162911,1.0000031740228086,68.81265153277027
R1.10_C0.55,1.1,0.55,ok,131.3261110370513,114.26469210777472,73.58841215856145,95.33053876478468,72.00445607717201,5.786797872847419,80.36571875019953,0.939634108459266,5489.01849115801,0.9999124006519525,0.9999955757905031,0.9999642737257897,1.0000090158914585,40.6742257709992,130.5162291374378,66.70194117053691,99.79446372879765,72.01607429969552,5.535003853739291,76.85791448112639,1.032781167973398,5506.412824757961,1.0000066247734984,1.000000334584519,1.0000083353498155,0.9999963322684824,63.82110455807377
R1.10_C0.60,1.1,0.6,ok,120.71113482001238,114.26469210777472,73.58841215856145,95.33053876478468,72.00445607717201,5.786797872847419,80.36571875019953,0.939634108459266,5489.01849115801,0.9999124006519525,0.9999955757905031,0.9999642737257897,1.0000090158914585,40.6742257709992,128.38466097900377,68.93046619872395,99.78706403354187,72.01355253990033,5.534347282273861,76.85488607696954,1.0328045602803695,5506.496393818835,0.9999449973656056,0.9999972220891722,0.9999785330812045,1.0000051603850255,59.4563024719857
R1.10_C0.65,1.1,0.65,ok,130.7915918538347,114.26469210777472,73.58841215856145,95.33053876478468,72.00445607717201,5.786797872847419,80.36571875019953,0.939634108459266,5489.01849115801,0.9999124006519525,0.9999955757905031,0.9999642737257897,1.0000090158914585,40.6742257709992,126.51022074895431,70.52699564063542,99.76953915480249,72.01503634295983,5.533679451172647,76.84281574500523,1.0327917035587277,5506.581587906025,0.9999961092191557,0.9999998034959163,0.999999989027334,0.9999994006413335,55.98408284473017
R1.10_C0.70,1.1,0.7,ok,123.93767191213556,114.26469210777472,73.58841215856145,95.33053876478468,72.00445607717201,5.786797872847419,80.36571875019953,0.939634108459266,5489.01849115801,0.9999124006519525,0.9999955757905031,0.9999642737257897,1.0000090158914585,40.6742257709992,124.83514160181394,71.84881654638606,99.73234593246309,72.01284555961502,5.531777563455218,76.81853893109975,1.0327644379036456,5506.681172141899,0.9999481850043842,0.9999973830810291,0.9999780560821294,1.0000057550869639,52.98746927035869
R1.10_C0.75,1.1,0.75,ok,121.43084928020835,114.26469210777472,73.58841215856145,95.33053876478468,72.00445607717201,5.786797872847419,80.36571875019953,0.939634108459266,5489.01849115801,0.9999124006519525,0.9999955757905031,0.9999642737257897,1.0000090158914585,40.6742257709992,123.34320797109146,73.06694652902405,99.69299409014369,72.01322415150707,5.529723073535919,76.7900822209146,1.0327451881516918,5506.800870492192,0.9999401520739261,0.9999969773774713,0.999975749424849,1.0000060823990253,50.27740568075975
R1.10_C0.80,1.1,0.8,ok,120.16151099209674,114.26469210777472,73.58841215856145,95.33053876478468,72.00445607717201,5.786797872847419,80.36571875019953,0.939634108459266,5489.01849115801,0.9999124006519525,0.9999955757905031,0.9999642737257897,1.0000090158914585,40.6742257709992,121.98557786731124,74.27139703680086,99.642984128595,72.01337204872078,5.527052864694831,76.75442262309724,1.0327418476716104,5506.936795326472,0.9999704435034718,0.99999850724765,0.9999872136934549,1.0000034557066977,47.71526827654573
R1.10_C0.85,1.1,0.85,ok,124.6033849818632,114.26469210777472,73.58841215856145,95.33053876478468,72.00445607717201,5.786797872847419,80.36571875019953,0.939634108459266,5489.01849115801,0.9999124006519525,0.9999955757905031,0.9999642737257897,1.0000090158914585,40.6742257709992,120.74296286044594,75.52614682470457,99.58867359542322,72.01192016132399,5.524355108108418,76.71628531288297,1.0326701631196609,5507.084172017257,0.9998625434510926,0.9999930577500549,0.9999424516473167,1.0000149214167302,45.216369664675305
R1.10_C0.90,1.1,0.9,ok,121.87445168802515,114.26469210777472,73.58841215856145,95.33053876478468,72.00445607717201,5.786797872847419,80.36571875019953,0.939634108459266,5489.01849115801,0.9999124006519525,0.9999955757905031,0.9999642737257897,1.0000090158914585,40.6742257709992,119.6098195190828,76.65504368041054,99.52824597179267,72.01209815021035,5.521447395015205,76.6743129599974,1.0326342185686646,5507.244059675397,0.9998222613389353,0.9999910232999465,0.9999270278779826,1.000018539458638,42.954294092420426
R1.10_C0.95,1.1,0.95,ok,121.46111922594719,114.26469210777472,73.58841215856145,95.33053876478468,72.00445607717201,5.786797872847419,80.36571875019953,0.939634108459266,5489.01849115801,0.9999124006519525,0.9999955757905031,0.9999642737257897,1.0000090158914585,40.6742257709992,118.56932581231891,77.67607658338528,99.46063664509825,72.0104461961968,5.51750172462091,76.62612536550928,1.0326462260990994,5507.414725440885,0.9997081469592444,0.9999852599474364,0.9998762129926668,1.000032498803109,40.8956408665657
R1.10_C1.00,1.1,1.0,ok,127.08444256987423,114.26469210777472,73.58841215856145,95.33053876478468,72.00445607717201,5.786797872847419,80.36571875019953,0.939634108459266,5489.01849115801,0.9999124006519525,0.9999955757905031,0.9999642737257897,1.0000090158914585,40.6742257709992,117.61149074117881,78.5981373066173,99.38911559124487,72.00974071696893,5.514102964942298,76.57363310544429,1.0325978194072105,5507.594607510854,0.9996419166294541,0.9999819149812854,0.9998488411723603,1.0000391507471877,39.01688817914386
R1.15_C0.50,1.15,0.5,ok,129.10914772585966,114.26469210777472,73.58841215856145,95.33053876478468,72.00445607717201,5.786797872847419,80.36571875019953,0.939634108459266,5489.01849115801,0.9999124006519525,0.9999955757905031,0.9999642737257897,1.0000090158914585,40.6742257709992,134.1027891395389,66.47036885922381,101.43865944476411,72.01320533344551,5.399961389548418,74.98758629630537,1.0779696414086692,5503.831445194641,0.9999484644214112,0.9999973971930007,0.9999791368688441,1.0000052263512451,67.63353752330922
R1.15_C0.55,1.15,0.55,ok,146.2728625498712,114.26469210777472,73.58841215856145,95.33053876478468,72.00445607717201,5.786797872847419,80.36571875019953,0.939634108459266,5489.01849115801,0.9999124006519525,0.9999955757905031,0.9999642737257897,1.0000090158914585,40.6742257709992,131.6753105614457,69.0126047047732,101.44474953561985,72.01314451896023,5.40030018156455,74.99478295998733,1.0779879391245766,5503.8908151439355,0.999975035024377,0.9999987391426457,0.9999879427117992,1.0000035400745837,62.66410997375036
R1.15_C0.60,1.15,0.6,ok,126.94644285319373,114.26469210777472,73.58841215856145,95.33053876478468,72.00445607717201,5.786797872847419,80.36571875019953,0.939634108459266,5489.01849115801,0.9999124006519525,0.9999955757905031,0.9999642737257897,1.0000090158914585,40.6742257709992,129.56243143359922,70.74766376497858,101.43421220785221,72.0122387585846,5.400033485816838,74.98924322774987,1.077938443331666,5503.9546161603785,0.999884580260525,0.9999941707202287,0.9999517641313012,1.00001248527425,58.81467029110508
R1.15_C0.65,1.15,0.65,ok,144.3527086279355,114.26469210777472,73.58841215856145,95.33053876478468,72.00445607717201,5.786797872847419,80.36571875019953,0.939634108459266,5489.01849115801,0.9999124006519525,0.9999955757905031,0.9999642737257897,1.0000090158914585,40.6742257709992,127.70390899298215,72.21624820630863,101.41065600805118,72.01158971889177,5.398872639214747,74.97551708892318,1.0779049599857298,5504.037185984704,0.999814112185573,0.9999906117265446,0.999922072251741,1.0000202354481114,55.48539075076019
R1.15_C0.70,1.15,0.7,ok,124.8323069610633,114.26469210777472,73.58841215856145,95.33053876478468,72.00445607717201,5.786797872847419,80.36571875019953,0.939634108459266,5489.01849115801,0.9999124006519525,0.9999955757905031,0.9999642737257897,1.0000090158914585,40.6742257709992,126.04517422611278,73.55917639296823,101.36987433065676,72.01063468930363,5.396933631173612,74.94928417745535,1.0779032218041067,5504.144236594101,0.9997364276666632,0.9999866882659925,0.9998888205904775,1.0000291646763673,52.485862862449515
R1.15_C0.75,1.15,0.75,ok,121.95090498100035,114.26469210777472,73.58841215856145,95.33053876478468,72.00445607717201,5.786797872847419,80.36571875019953,0.939634108459266,5489.01849115801,0.9999124006519525,0.9999955757905031,0.9999642737257897,1.0000090158914585,40.6742257709992,124.53689005686616,75.0997751289508,101.32509280661898,72.01061300635291,5.394836999214596,74.91827893151674,1.0779029993401452,5504.268012337278,0.999712883018,0.999985499142322,0.9998792623110685,1.0000314307389901,49.43951070990034
R1.15_C0.80,1.15,0.8,ok,125.12125624995679,114.26469210777472,73.58841215856145,95.33053876478468,72.00445607717201,5.786797872847419,80.36571875019953,0.939634108459266,5489.01849115801,0.9999124006519525,0.9999955757905031,0.9999642737257897,1.0000090158914585,40.6742257709992,123.1824616919659,76.48305136773342,101.27584043810032,72.01153279088183,5.392131126287325,74.88120257704671,1.077906965300909,5504.4085527002535,0.9997469007295879,0.9999872172085653,0.9998939692260835,1.000027492154374,46.69964443336819
R1.15_C0.85,1.15,0.85,ok,123.97171230707318,114.26469210777472,73.58841215856145,95.33053876478468,72.00445607717201,5.786797872847419,80.36571875019953,0.939634108459266,5489.01849115801,0.9999124006519525,0.9999955757905031,0.9999642737257897,1.0000090158914585,40.6742257709992,121.94615524860713,77.70763833808333,101.20746042528863,72.00417128716788,5.389330896254073,74.84844609323405,1.0777979217651439,5504.5642876315915,0.999155766131864,0.9999573619258518,0.9996370521932783,1.0000965896639797,44.238358173163334
R1.15_C0.90,1.15,0.9,ok,133.5539273659233,114.26469210777472,73.58841215856145,95.33053876478468,72.00445607717201,5.786797872847419,80.36571875019953,0.939634108459266,5489.01849115801,0.9999124006519525,0.9999955757905031,0.9999642737257897,1.0000090158914585,40.6742257709992,120.84341861250537,78.83835870257451,101.1610580441479,72.0141516456273,5.386377741786557,74.79973232368188,1.0778767003065974,5504.732415432762,0.9999566966466678,0.9999978129619513,0.9999839445688459,1.0000036035003224,42.00758705576023
R1.15_C0.95,1.15,0.95,ok,123.97349909995683,114.26469210777472,73.58841215856145,95.33053876478468,72.00445607717201,5.786797872847419,80.36571875019953,0.939634108459266,5489.01849115801,0.9999124006519525,0.9999955757905031,0.9999642737257897,1.0000090158914585,40.6742257709992,119.83297897397541,79.84277260628652,101.09242053025218,72.01580432615292,5.383341902271388,74.75368224357823,1.0778098647718966,5504.911379596086,1.0000329745964809,1.0000016653836605,1.0000185548966471,0.9999939079494373,39.997443459204746
R1.15_C1.00,1.15,1.0,ok,143.98638217989355,114.26469210777472,73.58841215856145,95.33053876478468,72.00445607717201,5.786797872847419,80.36571875019953,0.939634108459266,5489.01849115801,0.9999124006519525,0.9999955757905031,0.9999642737257897,1.0000090158914585,40.6742257709992,118.90576579784255,80.74576424355632,101.02174212726783,72.01368849966607,5.379331436634825,74.70186223787047,1.0778142116074116,5505.099733459558,0.9999557219575509,0.9999977637352299,0.9999825727474507,1.0000042284895412,38.16123122634095
R1.20_C0.50,1.2,0.5,ok,146.97057917597704,114.26469210777472,73.58841215856145,95.33053876478468,72.00445607717201,5.786797872847419,80.36571875019953,0.939634108459266,5489.01849115801,0.9999124006519525,0.9999955757905031,0.9999642737257897,1.0000090158914585,40.6742257709992,135.1743767718014,68.70891455092243,103.01329454508243,72.012429315704,5.272493171104319,73.21838375975065,1.1230872108189114,5501.418255892081,0.9998264064836437,0.9999912326506892,0.999928685937632,1.0000181293851813,66.46491292708865
R1.20_C0.55,1.2,0.55,ok,137.5048171498347,114.26469210777472,73.58841215856145,95.33053876478468,72.00445607717201,5.786797872847419,80.36571875019953,0.939634108459266,5489.01849115801,0.9999124006519525,0.9999955757905031,0.9999642737257897,1.0000090158914585,40.6742257709992,132.76435119686374,70.72008390223974,103.01279749435255,72.010534215135,5.2723284070592635,73.22057416983853,1.1230909844337698,5501.456573662981,0.9997242831581996,0.9999860749069804,0.9998837343677978,1.0000303521922418,62.04530814278773
R1.20_C0.60,1.2,0.6,ok,122.66006442392245,114.26469210777472,73.58841215856145,95.33053876478468,72.00445607717201,5.786797872847419,80.36571875019953,0.939634108459266,5489.01849115801,0.9999124006519525,0.9999955757905031,0.9999642737257897,1.0000090158914585,40.6742257709992,130.6667374838308,72.35276577283946,102.9962321433826,72.01053000306803,5.271914332672231,73.21025834930498,1.123098156059131,5501.516550457051,0.9997327354570846,0.9999865017907625,0.9998855006682486,1.0000303688121948,58.31668925878878
R1.20_C0.65,1.2,0.65,ok,127.87988357408904,114.26469210777472,73.58841215856145,95.33053876478468,72.00445607717201,5.786797872847419,80.36571875019953,0.939634108459266,5489.01849115801,0.9999124006519525,0.9999955757905031,0.9999642737257897,1.0000090158914585,40.6742257709992,128.81771104821277,73.98369799696421,102.97243673749045,72.01093624625227,5.270557794446566,73.1954501110286,1.1230854606753662,5501.605200541217,0.9996998411624323,0.9999848404627496,0.9998733336520531,1.000032950916006,54.83588226776207
R1.20_C0.70,1.2,0.7,ok,125.60116471187212,114.26469210777472,73.58841215856145,95.33053876478468,72.00445607717201,5.786797872847419,80.36571875019953,0.939634108459266,5489.01849115801,0.9999124006519525,0.9999955757905031,0.9999642737257897,1.0000090158914585,40.6742257709992,127.14700084553269,75.71177366565969,102.93340299166465,72.01164149129974,5.268986119605895,73.16826414958913,1.123095427392716,5501.714535210991,0.9998228243585602,0.999991051735281,0.9999254123826737,1.0000194440533101,51.43924263433883
R1.20_C0.75,1.2,0.75,ok,129.08680494199507,114.26469210777472,73.58841215856145,95.33053876478468,72.00445607717201,5.786797872847419,80.36571875019953,0.939634108459266,5489.01849115801,0.9999124006519525,0.9999955757905031,0.9999642737257897,1.0000090158914585,40.6742257709992,125.67123886938106,77.25151376628038,102.89524237108216,72.01508154656972,5.267049893742871,73.13903290508267,1.1231101316707108,5501.845319380928,1.0000204998102382,1.0000010353439515,1.0000118608395225,0.9999960440610891,48.423605820282994
R1.20_C0.80,1.2,0.8,ok,126.59942463203333,114.26469210777472,73.58841215856145,95.33053876478468,72.00445607717201,5.786797872847419,80.36571875019953,0.939634108459266,5489.01849115801,0.9999124006519525,0.9999955757905031,0.9999642737257897,1.0000090158914585,40.6742257709992,124.35299829240284,78.61265377304551,102.84042936925186,72.0133968296597,5.264235731197152,73.103341900007,1.1230694003937582,5501.994036644146,0.9999401749115591,0.9999969785308875,0.9999762807200769,1.0000058053792724,45.741688842093936
R1.20_C0.85,1.2,0.85,ok,125.76309748901986,114.26469210777472,73.58841215856145,95.33053876478468,72.00445607717201,5.786797872847419,80.36571875019953,0.939634108459266,5489.01849115801,0.9999124006519525,0.9999955757905031,0.9999642737257897,1.0000090158914585,40.6742257709992,123.15838455365093,79.83084673928045,102.78021785456339,72.01437108426951,5.261621179602032,73.06467746390308,1.1230263719481135,5502.157694928179,1.0000192873291889,1.0000009741075355,1.0000101362814657,0.9999968118613816,43.330248119499316
R1.20_C0.90,1.2,0.9,ok,145.80233640316874,114.26469210777472,73.58841215856145,95.33053876478468,72.00445607717201,5.786797872847419,80.36571875019953,0.939634108459266,5489.01849115801,0.9999124006519525,0.9999955757905031,0.9999642737257897,1.0000090158914585,40.6742257709992,122.06741848077183,80.92067657506108,102.7126317688498,72.01268688171936,5.258275564526279,73.0196541903636,1.1229842475552543,5502.334066875709,0.9999135249722673,0.9999956325743574,0.999964385118056,1.000009083990364,41.14791613722432
R1.20_C0.95,1.2,0.95,ok,125.2063847698737,114.26469210777472,73.58841215856145,95.33053876478468,72.00445607717201,5.786797872847419,80.36571875019953,0.939634108459266,5489.01849115801,0.9999124006519525,0.9999955757905031,0.9999642737257897,1.0000090158914585,40.6742257709992,121.06509473005558,81.90039124643084,102.63883314918824,72.01181154870221,5.254518666631254,72.97129443041018,1.1229701440929463,5502.521005105424,0.9998609604048952,0.9999929777982275,0.9999417541511608,1.0000151918217504,39.16522631136273
R1.20_C1.00,1.2,1.0,ok,122.88075360888615,114.26469210777472,73.58841215856145,95.33053876478468,72.00445607717201,5.786797872847419,80.36571875019953,0.939634108459266,5489.01849115801,0.9999124006519525,0.9999955757905031,0.9999642737257897,1.0000090158914585,40.6742257709992,120.145479622518,82.78396770395487,102.56383769660934,72.01114644883573,5.2509903726852265,72.92233152266485,1.122869187092534,5502.717268785471,0.9997941484248152,0.9999896034557987,0.9999135740852318,1.0000224718396609,37.35830818953305
R1.25_C0.50,1.25,0.5,ok,126.34538636892103,114.26469210777472,73.58841215856145,95.33053876478468,72.00445607717201,5.786797872847419,80.36571875019953,0.939634108459266,5489.01849115801,0.9999124006519525,0.9999955757905031,0.9999642737257897,1.0000090158914585,40.6742257709992,136.17627776170087,70.42316338230653,104.5100154799108,72.01119251525348,5.150469883677886,71.52485062389945,1.1682201337399931,5499.086880396053,0.9997315171241898,0.9999864402587975,0.9998871583733604,1.0000293539426182,65.75461959466946
R1.25_C0.55,1.25,0.55,ok,138.6483949010726,114.26469210777472,73.58841215856145,95.33053876478468,72.00445607717201,5.786797872847419,80.36571875019953,0.939634108459266,5489.01849115801,0.9999124006519525,0.9999955757905031,0.9999642737257897,1.0000090158914585,40.6742257709992,133.79141727337822,72.23856539337503,104.50806847248951,72.00952441084664,5.150721853030374,71.52863131348008,1.1682148469314244,5499.11773992524,0.9996456487568663,0.9999821034725693,0.9998499104254477,1.00003937092756,61.554732307764
R1.25_C0.60,1.25,0.6,ok,128.64217412797734,114.26469210777472,73.58841215856145,95.33053876478468,72.00445607717201,5.786797872847419,80.36571875019953,0.939634108459266,5489.01849115801,0.9999124006519525,0.9999955757905031,0.9999642737257897,1.0000090158914585,40.6742257709992,131.70933546084746,74.14470752491837,104.50235124481719,72.01507470064254,5.150361641646118,71.5186243312017,1.168268830777082,5499.181779348519,1.0000226192764168,1.0000011423877004,1.0000127689548455,0.9999958018116336,57.568860037262894
R1.25_C0.65,1.25,0.65,ok,126.5107464720495,114.26469210777472,73.58841215856145,95.33053876478468,72.00445607717201,5.786797872847419,80.36571875019953,0.939634108459266,5489.01849115801,0.9999124006519525,0.9999955757905031,0.9999642737257897,1.0000090158914585,40.6742257709992,129.87059318800132,76.08641636005406,104.47420068769209,72.01358247842839,5.148939952373915,71.50116277888387,1.1682476397658559,5499.272629913141,0.9999529522800761,0.9999976238525282,0.9999815026363079,1.0000045284418984,53.78503522992142
R1.25_C0.70,1.25,0.7,ok,125.61634766100906,114.26469210777472,73.58841215856145,95.33053876478468,72.00445607717201,5.786797872847419,80.36571875019953,0.939634108459266,5489.01849115801,0.9999124006519525,0.9999955757905031,0.9999642737257897,1.0000090158914585,40.6742257709992,128.24748681951053,77.79442999685233,104.43303047591911,72.0136464329822,5.147309657347389,71.47734207969043,1.1682195820916965,5499.389733305834,0.999996255648024,0.9999998108913145,0.9999985684411483,1.0000003224795682,50.454837156770175
R1.25_C0.75,1.25,0.75,ok,126.86849475791678,114.26469210777472,73.58841215856145,95.33053876478468,72.00445607717201,5.786797872847419,80.36571875019953,0.939634108459266,5489.01849115801,0.9999124006519525,0.9999955757905031,0.9999642737257897,1.0000090158914585,40.6742257709992,126.79965170404766,79.30510871880982,104.38515112186033,72.01333687411383,5.144978458905635,71.44625373990198,1.168198118886414,5499.52840047748,0.9999549834020955,0.9999977264344488,0.9999818918520255,1.0000045084968687,47.49401161311435
R1.25_C0.80,1.25,0.8,ok,145.80020960909314,114.26469210777472,73.58841215856145,95.33053876478468,72.00445607717201,5.786797872847419,80.36571875019953,0.939634108459266,5489.01849115801,0.9999124006519525,0.9999955757905031,0.9999642737257897,1.0000090158914585,40.6742257709992,125.49100618800631,80.64474843299655,104.32441668876652,72.0119328488856,5.142195153347998,71.409361464418,1.1681242415826347,5499.684939766004,0.9998636632205145,0.9999931143040666,0.9999429354210754,1.000014791421251,44.84569985089801
R1.25_C0.85,1.25,0.85,ok,137.72727678902447,114.26469210777472,73.58841215856145,95.33053876478468,72.00445607717201,5.786797872847419,80.36571875019953,0.939634108459266,5489.01849115801,0.9999124006519525,0.9999955757905031,0.9999642737257897,1.0000090158914585,40.6742257709992,124.30584941919008,81.83895899234062,104.25841752071214,72.01150546419682,5.139234112834268,71.36886077547629,1.1680769957876675,5499.857171474068,0.999806491684926,0.9999902268527743,0.999918945168334,1.000021027057881,42.46535610438024
R1.25_C0.90,1.25,0.9,ok,127.45971784484573,114.26469210777472,73.58841215856145,95.33053876478468,72.00445607717201,5.786797872847419,80.36571875019953,0.939634108459266,5489.01849115801,0.9999124006519525,0.9999955757905031,0.9999642737257897,1.0000090158914585,40.6742257709992,123.22048710347184,82.9106581467158,104.18351188123324,72.0106664848399,5.135799700545042,71.32106320769685,1.1680690049535385,5500.041450528801,0.9997144944631973,0.9999855805284439,0.9998800808745487,1.000031180650756,40.31236641237408
R1.25_C0.95,1.25,0.95,ok,188.9610763299279,114.26469210777472,73.58841215856145,95.33053876478468,72.00445607717201,5.786797872847419,80.36571875019953,0.939634108459266,5489.01849115801,0.9999124006519525,0.9999955757905031,0.9999642737257897,1.0000090158914585,40.6742257709992,122.55788859595145,84.2630940516828,104.4542631133417,72.01281914164326,5.12191202443384,71.12407377493186,1.1745815118380218,5506.239013119242,0.9999094544573037,0.9999954269927941,0.9999619207266647,1.0000097046034977,38.29506133761491
R1.25_C1.00,1.25,1.0,ok,180.77708149608225,114.26469210777472,73.58841215856145,95.33053876478468,72.00445607717201,5.786797872847419,80.36571875019953,0.939634108459266,5489.01849115801,0.9999124006519525,0.9999955757905031,0.9999642737257897,1.0000090158914585,40.6742257709992,121.62500811322414,85.1041847725403,104.35225503686334,72.01214782822194,5.118623683451235,71.08348986717365,1.1741241438528618,5506.1117613006345,0.9998813947588248,0.9999940098363043,0.9999499240588094,1.000013092838074,36.52105058689289
R1.30_C0.50,1.3,0.5,ok,146.27170046791434,114.26469210777472,73.58841215856145,95.33053876478468,72.00445607717201,5.786797872847419,80.36571875019953,0.939634108459266,5489.01849115801,0.9999124006519525,0.9999955757905031,0.9999642737257897,1.0000090158914585,40.6742257709992,137.13719221846313,71.86351393311436,105.95089656401949,72.01494905888407,5.034939013375428,69.9155977273472,1.2133346707424502,5496.8418303458275,1.0000794211111586,1.0000040111672304,1.0000343502715898,0.9999907669603008,65.27660620660481
R1.30_C0.55,1.3,0.55,ok,126.19285780494101,114.26469210777472,73.58841215856145,95.33053876478468,72.00445607717201,5.786797872847419,80.36571875019953,0.939634108459266,5489.01849115801,0.9999124006519525,0.9999955757905031,0.9999642737257897,1.0000090158914585,40.6742257709992,134.7895732556201,73.97866465561916,105.95371998097627,72.01492304119806,5.035048674807902,69.91735684877605,1.2133397837288569,5496.874369304096,1.000002491917487,1.0000001258544184,1.0000028217441614,0.9999984067851855,60.81145003437644
R1.30_C0.60,1.3,0.6,ok,125.15936731407419,114.26469210777472,73.58841215856145,95.33053876478468,72.00445607717201,5.786797872847419,80.36571875019953,0.939634108459266,5489.01849115801,0.9999124006519525,0.9999955757905031,0.9999642737257897,1.0000090158914585,40.6742257709992,132.72131972975166,76.17837958577783,105.93317296370442,72.0131701256517,5.0342078012357865,69.90765965101122,1.2133227952630645,5496.940290652135,0.9999428010096654,0.9999971111621038,0.9999767601655082,1.0000058445426676,56.54362202844573
R1.30_C0.65,1.3,0.65,ok,127.07127969595604,114.26469210777472,73.58841215856145,95.33053876478468,72.00445607717201,5.786797872847419,80.36571875019953,0.939634108459266,5489.01849115801,0.9999124006519525,0.9999955757905031,0.9999642737257897,1.0000090158914585,40.6742257709992,130.90756812246303,78.09873821686134,105.89966219864007,72.01201530295552,5.032715353404187,69.88846194005656,1.2132806597831043,5497.038677249331,0.9998728307661631,0.9999935773114219,0.9999468256620867,1.0000137689124455,52.80832893686062
R1.30_C0.70,1.3,0.7,ok,121.3421097358223,114.26469210777472,73.58841215856145,95.33053876478468,72.00445607717201,5.786797872847419,80.36571875019953,0.939634108459266,5489.01849115801,0.9999124006519525,0.9999955757905031,0.9999642737257897,1.0000090158914585,40.6742257709992,129.30156412086686,79.78583189766198,105.85514375461301,72.01169737437843,5.0309026901789995,69.86386557477692,1.2132393971144195,5497.164225788105,0.999815232922816,0.9999906683294351,0.9999226673526347,1.0000200453916834,49.51503297729478
R1.30_C0.75,1.3,0.75,ok,139.83523618709296,114.26469210777472,73.58841215856145,95.33053876478468,72.00445607717201,5.786797872847419,80.36571875019953,0.939634108459266,5489.01849115801,0.9999124006519525,0.9999955757905031,0.9999642737257897,1.0000090158914585,40.6742257709992,127.85995606781941,81.27507712593942,105.79700578766753,72.01065823357033,5.028313904772173,69.82893664097145,1.2132314920535823,5497.310802399733,0.9997117062425556,0.9999854397092202,0.999878941454502,1.0000314688286622,46.587001458779746
R1.30_C0.80,1.3,0.8,ok,210.68671888299286,114.26469210777472,73.58841215856145,95.33053876478468,72.00445607717201,5.786797872847419,80.36571875019953,0.939634108459266,5489.01849115801,0.9999124006519525,0.9999955757905031,0.9999642737257897,1.0000090158914585,40.6742257709992,126.88422220459213,83.00730495078287,106.0831262285841,72.01186785237816,5.011848612815424,69.60135216239338,1.2207700397305934,5502.410233614577,0.9998567757961476,0.9999927664543506,0.9999400168609383,1.0000156827074616,43.877435525440625
R1.30_C0.85,1.3,0.85,ok,178.25890049804002,114.26469210777472,73.58841215856145,95.33053876478468,72.00445607717201,5.786797872847419,80.36571875019953,0.939634108459266,5489.01849115801,0.9999124006519525,0.9999955757905031,0.9999642737257897,1.0000090158914585,40.6742257709992,125.66170167598267,84.11432681205692,105.95840757128497,72.01187578602708,5.011209943714249,69.59081423598178,1.2194565347222315,5501.802984676198,0.9998606047248249,0.9999929598345867,0.9999415330876484,1.0000153460582235,41.54773869684221
R1.30_C0.90,1.3,0.9,ok,181.83935992000625,114.26469210777472,73.58841215856145,95.33053876478468,72.00445607717201,5.786797872847419,80.36571875019953,0.939634108459266,5489.01849115801,0.9999124006519525,0.9999955757905031,0.9999642737257897,1.0000090158914585,40.6742257709992,124.57478518242951,85.13809212656686,105.86390552387303,72.01184549767365,5.008925724181875,69.55859475422386,1.2189243682759172,5501.719713825786,0.9998590003072473,0.9999928788033956,0.9999405937559843,1.000015495896106,39.43665099555482
R1.30_C0.95,1.3,0.95,ok,165.74513671104796,114.26469210777472,73.58841215856145,95.33053876478468,72.00445607717201,5.786797872847419,80.36571875019953,0.939634108459266,5489.01849115801,0.9999124006519525,0.9999955757905031,0.9999642737257897,1.0000090158914585,40.6742257709992,123.56924472202797,86.04869500025367,105.75828593736827,72.01110751378755,5.006223275245642,69.52114509571865,1.2183629491222203,5501.628820371976,0.9997766759392999,0.9999887210070353,0.9999052124175303,1.0000249052325572,37.52035121020223
R1.30_C1.00,1.3,1.0,ok,167.39609848801047,114.26469210777472,73.58841215856145,95.33053876478468,72.00445607717201,5.786797872847419,80.36571875019953,0.939634108459266,5489.01849115801,0.9999124006519525,0.9999955757905031,0.9999642737257897,1.0000090158914585,40.6742257709992,122.6552887602559,86.87722202635312,105.66222992189803,72.01155048238519,5.003482037550688,69.48337720462746,1.217927488822069,5501.645790499062,0.9998129987031019,0.9999905554900559,0.9999216833978969,1.0000203132750503,35.776474414759285
R1.35_C0.50,1.35,0.5,ok,146.53794615203515,114.26469210777472,73.58841215856145,95.33053876478468,72.00445607717201,5.786797872847419,80.36571875019953,0.939634108459266,5489.01849115801,0.9999124006519525,0.9999955757905031,0.9999642737257897,1.0000090158914585,40.6742257709992,138.09144873416977,73.43693187648633,107.32303989593049,72.0139407095362,4.9240175470899965,68.37819387570812,1.2583951005786946,5494.684896457658,0.9999714108129865,0.9999985561016664,0.9999883366683154,1.0000029442833784,64.65492710595524
R1.35_C0.55,1.35,0.55,ok,122.78599573695101,114.26469210777472,73.58841215856145,95.33053876478468,72.00445607717201,5.786797872847419,80.36571875019953,0.939634108459266,5489.01849115801,0.9999124006519525,0.9999955757905031,0.9999642737257897,1.0000090158914585,40.6742257709992,135.7332045995304,75.95235518421518,107.31811610565936,72.01097606910744,4.924025779503104,68.37971146568394,1.258321238526959,5494.717709066043,0.9997720436920143,0.999988487055153,0.9999044222293059,1.0000248170430064,59.77860348354136
R1.35_C0.60,1.35,0.6,ok,127.43125269608572,114.26469210777472,73.58841215856145,95.33053876478468,72.00445607717201,5.786797872847419,80.36571875019953,0.939634108459266,5489.01849115801,0.9999124006519525,0.9999955757905031,0.9999642737257897,1.0000090158914585,40.6742257709992,133.6849995102574,78.13639208950579,107.29404704983853,72.01062654326131,4.9229128060967895,68.36732709367482,1.258356315790396,5494.7923210153,0.9997311647592584,0.9999864224625881,0.9998867245372773,1.0000296645067719,55.549970529478685
R1.35_C0.65,1.35,0.65,ok,140.08553621917963,114.26469210777472,73.58841215856145,95.33053876478468,72.00445607717201,5.786797872847419,80.36571875019953,0.939634108459266,5489.01849115801,0.9999124006519525,0.9999955757905031,0.9999642737257897,1.0000090158914585,40.6742257709992,131.88655867335365,80.03799505380243,107.25638949879207,72.01186567261095,4.921502379615022,68.3433033377758,1.2583408987967628,5494.8980927316,0.9998267507372465,0.999991250037235,0.9999279564213663,1.0000186743170405,51.851867080671695
R1.35_C0.70,1.35,0.7,ok,245.20789612503722,114.26469210777472,73.58841215856145,95.33053876478468,72.00445607717201,5.786797872847419,80.36571875019953,0.939634108459266,5489.01849115801,0.9999124006519525,0.9999955757905031,0.9999642737257897,1.0000090158914585,40.6742257709992,130.85829370304944,82.48728220016466,107.84519546402788,72.01343344044119,4.89118646140353,67.92151678550574,1.2736345697857854,5502.6450582525795,0.9999509515944363,0.9999975228077991,0.9999807068316793,1.0000046808270473,48.37136634895699
R1.35_C0.75,1.35,0.75,ok,178.3987112781033,114.26469210777472,73.58841215856145,95.33053876478468,72.00445607717201,5.786797872847419,80.36571875019953,0.939634108459266,5489.01849115801,0.9999124006519525,0.9999955757905031,0.9999642737257897,1.0000090158914585,40.6742257709992,129.11173676451205,83.50262958914385,107.42049134849704,72.0107494945731,4.904471221720851,68.10796789974103,1.2649140976760798,5498.239901099723,0.9997378089541914,0.9999867580279895,0.9998886129230982,1.0000292926417953,45.60915466251788
R1.35_C0.80,1.35,0.8,ok,195.79308200185187,114.26469210777472,73.58841215856145,95.33053876478468,72.00445607717201,5.786797872847419,80.36571875019953,0.939634108459266,5489.01849115801,0.9999124006519525,0.9999955757905031,0.9999642737257897,1.0000090158914585,40.6742257709992,127.80399677041757,84.7586685711072,107.32239356703474,72.01072463373958,4.903257400388338,68.09168027435271,1.2640373941902863,5498.053820324738,0.9997292762974351,0.999986327085729,0.9998851104483817,1.0000301812812356,43.04543475129154
R1.35_C0.85,1.35,0.85,ok,166.23949093511328,114.26469210777472,73.58841215856145,95.33053876478468,72.00445607717201,5.786797872847419,80.36571875019953,0.939634108459266,5489.01849115801,0.9999124006519525,0.9999955757905031,0.9999642737257897,1.0000090158914585,40.6742257709992,126.62710799432179,85.88596543032031,107.22994207294047,72.01075403982065,4.901258429792783,68.06678949822064,1.263455176655757,5498.020439523338,0.9997294507027426,0.9999863358940775,0.9998854455548765,1.000030024052797,40.74277254299162
R1.35_C0.90,1.35,0.9,ok,159.6014079968445,114.26469210777472,73.58841215856145,95.33053876478468,72.00445607717201,5.786797872847419,80.36571875019953,0.939634108459266,5489.01849115801,0.9999124006519525,0.9999955757905031,0.9999642737257897,1.0000090158914585,40.6742257709992,125.54894675386234,86.88816355961933,107.13060253620266,72.01194034414672,4.899062728776624,68.03187728782197,1.2628366303844973,5497.9839844244525,0.9998002920382558,0.9999899137393056,0.9999162199519546,1.0000217526898147,38.660163879594265
R1.35_C0.95,1.35,0.95,ok,223.73109962185845,114.26469210777472,73.58841215856145,95.33053876478468,72.00445607717201,5.786797872847419,80.36571875019953,0.939634108459266,5489.01849115801,0.9999124006519525,0.9999955757905031,0.9999642737257897,1.0000090158914585,40.6742257709992,124.89749684228612,88.02824176608758,107.400440437792,72.01108598964274,4.8804513658979065,67.77289125953163,1.2711820800850882,5502.974609860763,0.9997912693538408,0.9999894580481736,0.9999121637446705,1.0000228900111778,36.871821289754514
R1.35_C1.00,1.35,1.0,ok,211.80561743001454,114.26469210777472,73.58841215856145,95.33053876478468,72.00445607717201,5.786797872847419,80.36571875019953,0.939634108459266,5489.01849115801,0.9999124006519525,0.9999955757905031,0.9999642737257897,1.0000090158914585,40.6742257709992,123.94215833084002,88.62532085938842,107.24450551917727,72.01176210284973,4.8798440328426675,67.76846959910051,1.2694107342435919,5502.26891545364,0.9998418475971058,0.9999920125049042,0.9999330175004637,1.0000175649718779,35.31758297509372
R1.40_C0.50,1.4,0.5,ok,125.38364114612341,114.26469210777472,73.58841215856145,95.33053876478468,72.00445607717201,5.786797872847419,80.36571875019953,0.939634108459266,5489.01849115801,0.9999124006519525,0.9999955757905031,0.9999642737257897,1.0000090158914585,40.6742257709992,138.96287990071397,75.3618278725913,108.62999235041305,72.01044367269455,4.817988299692279,66.90972315714055,1.3033520910608756,5492.608874001131,0.9997187685639477,0.9999857963921193,0.999881350735375,1.0000309893204942,63.60261110451737
R1.40_C0.55,1.4,0.55,ok,131.25747442687862,114.26469210777472,73.58841215856145,95.33053876478468,72.00445607717201,5.786797872847419,80.36571875019953,0.939634108459266,5489.01849115801,0.9999124006519525,0.9999955757905031,0.9999642737257897,1.0000090158914585,40.6742257709992,136.63098274882353,77.86608150318602,108.62546538141945,72.01093506882091,4.817943209878883,66.9066824796598,1.303368895950069,5492.648588054917,0.9997062103945846,0.9999851621411413,0.999875992158775,1.0000322699613955,58.765918772082436
R1.40_C0.60,1.4,0.6,ok,147.4512571040541,114.26469210777472,73.58841215856145,95.33053876478468,72.00445607717201,5.786797872847419,80.36571875019953,0.939634108459266,5489.01849115801,0.9999124006519525,0.9999955757905031,0.9999642737257897,1.0000090158914585,40.6742257709992,134.60337020386694,80.0282173934542,108.59938554880462,72.01194518838625,4.8170428253816,66.89247195910161,1.3033626617474185,5492.729676318612,0.9998429972504462,0.9999920705682048,0.9999336027708143,1.0000175635125044,54.57855712502499
R1.40_C0.65,1.4,0.65,ok,174.48466325807385,114.26469210777472,73.58841215856145,95.33053876478468,72.00445607717201,5.786797872847419,80.36571875019953,0.939634108459266,5489.01849115801,0.9999124006519525,0.9999955757905031,0.9999642737257897,1.0000090158914585,40.6742257709992,133.06025917540705,82.26448253969406,108.83732476816795,72.01056037000043,4.800447936998543,66.66580114854767,1.310965080919348,5495.223842807693,0.9997218706713003,0.9999859530642067,0.9998826328433128,1.0000306618542543,50.79683915876943
R1.40_C0.70,1.4,0.7,ok,198.9128542051185,114.26469210777472,73.58841215856145,95.33053876478468,72.00445607717201,5.786797872847419,80.36571875019953,0.939634108459266,5489.01849115801,0.9999124006519525,0.9999955757905031,0.9999642737257897,1.0000090158914585,40.6742257709992,131.61205289225342,84.08862462312356,108.93097798015114,72.01044662980436,4.79111209232857,66.53631861245964,1.3148070689546376,5496.862594364204,0.9997113070583655,0.9999854195484017,0.9998782694656578,1.000031776865053,47.52473349754139
R1.40_C0.75,1.4,0.75,ok,250.7015104650054,114.26469210777472,73.58841215856145,95.33053876478468,72.00445607717201,5.786797872847419,80.36571875019953,0.939634108459266,5489.01849115801,0.9999124006519525,0.9999955757905031,0.9999642737257897,1.0000090158914585,40.6742257709992,130.35128902063605,85.73188794708742,109.03445593524344,72.01092563633995,4.780910405768928,66.39376722910983,1.3190261119096895,5498.906944160721,0.999760863852077,0.9999879224167716,0.999898574821547,1.0000266284372434,44.61874293502792
R1.40_C0.80,1.4,0.8,ok,194.24991404893808,114.26469210777472,73.58841215856145,95.33053876478468,72.00445607717201,5.786797872847419,80.36571875019953,0.939634108459266,5489.01849115801,0.9999124006519525,0.9999955757905031,0.9999642737257897,1.0000090158914585,40.6742257709992,128.89071527771247,86.72854973838241,108.7428303751129,72.0113205476583,4.789197286313643,66.5065865701985,1.3130729444770564,5496.736802333036,0.9998040099198946,0.9999901015111062,0.9999175993210969,1.0000214561109646,42.166240714140635
R1.40_C0.85,1.4,0.85,ok,202.0996701521799,114.26469210777472,73.58841215856145,95.33053876478468,72.00445607717201,5.786797872847419,80.36571875019953,0.939634108459266,5489.01849115801,0.9999124006519525,0.9999955757905031,0.9999642737257897,1.0000090158914585,40.6742257709992,127.78950472612158,87.76169045643562,108.7179318482599,72.0118903335519,4.78406847726886,66.43435885249772,1.3142585205064479,5497.527830826223,0.9998287220546285,0.9999913495987189,0.9999283417940341,1.0000185707987108,40.02829629003928
R1.40_C0.90,1.4,0.9,ok,207.8411003218498,114.26469210777472,73.58841215856145,95.33053876478468,72.00445607717201,5.786797872847419,80.36571875019953,0.939634108459266,5489.01849115801,0.9999124006519525,0.9999955757905031,0.9999642737257897,1.0000090158914585,40.6742257709992,126.77496895759424,88.5958350220412,108.67170489762378,72.01187059721758,4.779188698904626,66.36766863018694,1.3150284400764278,5498.184309847544,0.9998588676383035,0.9999928721029442,0.9999409046333793,1.0000153232257594,38.178400225922914
R1.40_C0.95,1.4,0.95,ok,152.6187576840166,114.26469210777472,73.58841215856145,95.33053876478468,72.00445607717201,5.786797872847419,80.36571875019953,0.939634108459266,5489.01849115801,0.9999124006519525,0.9999955757905031,0.9999642737257897,1.0000090158914585,40.6742257709992,125.54749647956669,89.02165053080415,108.28641558563464,72.006244579483,4.790164174729979,66.52460030722193,1.307139099198575,5495.378309061695,0.9992776707918092,0.9999635187268601,0.9996898285558538,1.0000814019326545,36.527030838474296
R1.40_C1.00,1.4,1.0,ok,165.66999889304861,114.26469210777472,73.58841215856145,95.33053876478468,72.00445607717201,5.786797872847419,80.36571875019953,0.939634108459266,5489.01849115801,0.9999124006519525,0.9999955757905031,0.9999642737257897,1.0000090158914585,40.6742257709992,124.66870385639966,89.69876084677261,108.20548827972712,72.01097222854058,4.786363380654219,66.46876651998414,1.3071958009995197,5495.658816154095,0.9996886738346361,0.9999842764562941,0.9998695298502437,1.000033842637741,34.97211514124211
R1.45_C0.50,1.45,0.5,ok,125.45016683312133,114.26469210777472,73.58841215856145,95.33053876478468,72.00445607717201,5.786797872847419,80.36571875019953,0.939634108459266,5489.01849115801,0.9999124006519525,0.9999955757905031,0.9999642737257897,1.0000090158914585,40.6742257709992,139.80408825760964,77.23471794836081,109.89372489287166,72.01407956810331,4.716990145476636,65.5008411393576,1.3483656415500913,5490.612525339342,0.9999645036075101,0.9999982072529048,0.9999870650324076,1.0000028327209485,62.569394534447135
R1.45_C0.55,1.45,0.55,ok,181.3600393210072,114.26469210777472,73.58841215856145,95.33053876478468,72.00445607717201,5.786797872847419,80.36571875019953,0.939634108459266,5489.01849115801,0.9999124006519525,0.9999955757905031,0.9999642737257897,1.0000090158914585,40.6742257709992,137.74148734475676,80.14694737267214,110.20050069755234,72.01232978851121,4.697313896563319,65.23216918899251,1.358126217910066,5492.612319715207,0.99989958976143,0.9999949287758294,0.9999580457792465,1.0000108557603835,57.59484304294129
R1.45_C0.60,1.45,0.6,ok,200.98136097192764,114.26469210777472,73.58841215856145,95.33053876478468,72.00445607717201,5.786797872847419,80.36571875019953,0.939634108459266,5489.01849115801,0.9999124006519525,0.9999955757905031,0.9999642737257897,1.0000090158914585,40.6742257709992,135.81012839538957,82.40091442951616,110.26065484024687,72.01203875545292,4.691358247422071,65.1487177949746,1.3607570883125804,5493.432094146102,0.9998408676486477,0.999991963012558,0.9999332759295962,1.0000173308454163,53.414455608982706
R1.45_C0.65,1.45,0.65,ok,188.56924890214577,114.26469210777472,73.58841215856145,95.33053876478468,72.00445607717201,5.786797872847419,80.36571875019953,0.939634108459266,5489.01849115801,0.9999124006519525,0.9999955757905031,0.9999642737257897,1.0000090158914585,40.6742257709992,134.02187298370666,84.18916495657824,110.17335296180718,72.01207939734998,4.692546103561492,65.16405250852014,1.3592793389447841,5493.224696817251,0.9998766876823149,0.9999937721051675,0.9999483966828835,1.0000133732254342,49.831321657123624
R1.45_C0.70,1.45,0.7,ok,191.5368179678917,114.26469210777472,73.58841215856145,95.33053876478468,72.00445607717201,5.786797872847419,80.36571875019953,0.939634108459266,5489.01849115801,0.9999124006519525,0.9999955757905031,0.9999642737257897,1.0000090158914585,40.6742257709992,132.42511030569696,85.74691896217038,110.0718068671152,72.01173301452806,4.693004948835348,65.17115091983733,1.3578994274754714,5493.092464231144,0.9998339676387324,0.9999916145272083,0.9999314713754044,1.000017818578129,46.68310687284576
R1.45_C0.75,1.45,0.75,ok,219.65278518712148,114.26469210777472,73.58841215856145,95.33053876478468,72.00445607717201,5.786797872847419,80.36571875019953,0.939634108459266,5489.01849115801,0.9999124006519525,0.9999955757905031,0.9999642737257897,1.0000090158914585,40.6742257709992,131.07562642828128,87.21999644411093,110.05449726672575,72.01071960965714,4.687765062881301,65.09992787881083,1.3592493738764473,5493.700638895512,0.9997310518909597,0.999986416762169,0.9998861607008638,1.000029943406518,43.85716252693974
R1.45_C0.80,1.45,0.8,ok,184.60650455602445,114.26469210777472,73.58841215856145,95.33053876478468,72.00445607717201,5.786797872847419,80.36571875019953,0.939634108459266,5489.01849115801,0.9999124006519525,0.9999955757905031,0.9999642737257897,1.0000090158914585,40.6742257709992,129.79307175763654,88.1485733282265,109.94800906437732,72.01061139280426,4.686831972521933,65.08699604236345,1.358172232410292,5493.698585492082,0.9997222784028928,0.9999859736567117,0.9998836677608192,1.0000302028822383,41.64779534990476
R1.45_C0.85,1.45,0.85,ok,159.1504325880669,114.26469210777472,73.58841215856145,95.33053876478468,72.00445607717201,5.786797872847419,80.36571875019953,0.939634108459266,5489.01849115801,0.9999124006519525,0.9999955757905031,0.9999642737257897,1.0000090158914585,40.6742257709992,128.5163630840016,88.84687781911813,109.7010968457233,72.01448475819498,4.694602893123504,65.18879945758354,1.3527101656641576,5492.559403773836,0.9999837153420109,0.9999991775425259,0.9999956255133375,1.0000004754132317,39.66937875045257
R1.45_C0.90,1.45,0.9,ok,189.25827436707914,114.26469210777472,73.58841215856145,95.33053876478468,72.00445607717201,5.786797872847419,80.36571875019953,0.939634108459266,5489.01849115801,0.9999124006519525,0.9999955757905031,0.9999642737257897,1.0000090158914585,40.6742257709992,127.63857458509801,89.84225219280239,109.8043375767341,72.01126961424072,4.67991173637693,64.98865116396269,1.3584671579472922,5494.403399191238,0.9997217638870766,0.9999859476710647,0.9998831284271891,1.0000303850437375,37.798577023013216
R1.45_C0.95,1.45,0.95,ok,220.93901082710363,114.26469210777472,73.58841215856145,95.33053876478468,72.00445607717201,5.786797872847419,80.36571875019953,0.939634108459266,5489.01849115801,0.9999124006519525,0.9999955757905031,0.9999642737257897,1.0000090158914585,40.6742257709992,126.69040826878236,90.57416971153168,109.7189462036668,72.01195202341185,4.676302675445086,64.93822254951417,1.3584604472146187,5494.7374340695715,0.9997836489617268,0.9999890731798855,0.9999094935077639,1.000023433113451,36.117185023827545
R1.45_C1.00,1.45,1.0,ok,203.16962498612702,114.26469210777472,73.58841215856145,95.33053876478468,72.00445607717201,5.786797872847419,80.36571875019953,0.939634108459266,5489.01849115801,0.9999124006519525,0.9999955757905031,0.9999642737257897,1.0000090158914585,40.6742257709992,125.79459515196882,91.22061613013784,109.60647054879946,72.01040968312424,4.673757626982424,64.90407418377268,1.3578489849215578,5494.9240995202945,0.9997140216911247,0.9999855566510661,0.9998816718624977,1.0000309410517865,34.578418113253036
R1.50_C0.50,1.5,0.5,ok,233.03658319986425,114.26469210777472,73.58841215856145,95.33053876478468,72.00445607717201,5.786797872847419,80.36571875019953,0.939634108459266,5489.01849115801,0.9999124006519525,0.9999955757905031,0.9999642737257897,1.0000090158914585,40.6742257709992,140.9827052106025,79.77313708165735,111.61672182881111,72.01203683140658,4.5862308483403265,63.68792771223167,1.4107030084918346,5491.074953444941,0.9998400522388688,0.9999919218302469,0.9999341333455918,1.000016784788996,61.21446473582024
R1.50_C0.55,1.5,0.55,ok,213.15905849286355,114.26469210777472,73.58841215856145,95.33053876478468,72.00445607717201,5.786797872847419,80.36571875019953,0.939634108459266,5489.01849115801,0.9999124006519525,0.9999955757905031,0.9999642737257897,1.0000090158914585,40.6742257709992,138.6452550025636,82.1276999207561,111.53170686888893,72.01146119790306,4.589950710358049,63.73953908501353,1.4084309184580321,5490.716734862406,0.9998219558082233,0.9999910078691021,0.9999251417850994,1.0000194931284854,56.52201673002054
R1.50_C0.60,1.5,0.6,ok,181.2150260079652,114.26469210777472,73.58841215856145,95.33053876478468,72.00445607717201,5.786797872847419,80.36571875019953,0.939634108459266,5489.01849115801,0.9999124006519525,0.9999955757905031,0.9999642737257897,1.0000090158914585,40.6742257709992,136.53729992855494,84.00955813569396,111.33476983285655,72.01168337983023,4.599158641675071,63.86737467060492,1.4030086060520233,5489.9378869228385,0.9998256941314709,0.9999911966733062,0.9999265063902518,1.000019181901532,52.53157528588342
R1.50_C0.65,1.5,0.65,ok,178.3358876630664,114.26469210777472,73.58841215856145,95.33053876478468,72.00445607717201,5.786797872847419,80.36571875019953,0.939634108459266,5489.01849115801,0.9999124006519525,0.9999955757905031,0.9999642737257897,1.0000090158914585,40.6742257709992,134.79376232250462,85.82128236298028,111.27825708452986,72.01157294842744,4.598521024661041,63.85803301933513,1.4024696632968705,5490.036201678269,0.9997590798408041,0.9999878323151918,0.9998988421321977,1.0000262886272373,48.97469664991655
R1.50_C0.70,1.5,0.7,ok,196.08501389389858,114.26469210777472,73.58841215856145,95.33053876478468,72.00445607717201,5.786797872847419,80.36571875019953,0.939634108459266,5489.01849115801,0.9999124006519525,0.9999955757905031,0.9999642737257897,1.0000090158914585,40.6742257709992,133.3328540712382,87.45125138167344,111.31846609061937,72.01155752587513,4.59042126496162,63.74506585221843,1.4055742736858001,5490.781659258593,0.9997566433432254,0.999987709259758,0.9998977992795892,1.0000265649743438,45.88210528993948
R1.50_C0.75,1.5,0.75,ok,184.63422371004708,114.26469210777472,73.58841215856145,95.33053876478468,72.00445607717201,5.786797872847419,80.36571875019953,0.939634108459266,5489.01849115801,0.9999124006519525,0.9999955757905031,0.9999642737257897,1.0000090158914585,40.6742257709992,131.93899932654023,88.49357586243269,111.22963521510353,72.01194286828627,4.5890680144924065,63.72779553811634,1.4048453012922728,5490.913407772996,0.9998061075100164,0.9999902074500018,0.9999185429562121,1.000021179841165,43.44602045870758
R1.50_C0.80,1.5,0.8,ok,197.91553629701957,114.26469210777472,73.58841215856145,95.33053876478468,72.00445607717201,5.786797872847419,80.36571875019953,0.939634108459266,5489.01849115801,0.9999124006519525,0.9999955757905031,0.9999642737257897,1.0000090158914585,40.6742257709992,130.69371692668764,89.4523580430807,111.14771503034116,72.01088408021454,4.5867818462413315,63.695663522045365,1.4045804958851251,5491.168471763503,0.9997563264094533,0.9999876932530023,0.9998992216157436,1.0000263569795738,41.24517443244424
R1.50_C0.85,1.5,0.85,ok,207.3103421330452,114.26469210777472,73.58841215856145,95.33053876478468,72.00445607717201,5.786797872847419,80.36571875019953,0.939634108459266,5489.01849115801,0.9999124006519525,0.9999955757905031,0.9999642737257897,1.0000090158914585,40.6742257709992,129.55277039507962,90.30824535260814,111.0456622485703,72.00993192360468,4.5851186550517316,63.67342285920066,1.4037978728199432,5491.334541967291,0.9996822460555321,0.9999839518209864,0.9998658704847139,1.000035431864934,39.24841221839624
R1.50_C0.90,1.5,0.9,ok,223.15898888511583,114.26469210777472,73.58841215856145,95.33053876478468,72.00445607717201,5.786797872847419,80.36571875019953,0.939634108459266,5489.01849115801,0.9999124006519525,0.9999955757905031,0.9999642737257897,1.0000090158914585,40.6742257709992,128.56050255261206,91.14824421614425,110.99769617683566,72.01131537521793,4.579571211701239,63.59486730472183,1.4048958665052185,5491.877898554787,0.9997271464324929,0.9999862195167932,0.9998855803156409,1.0000296978419,37.41449913736214
R1.50_C0.95,1.5,0.95,ok,201.3065284320619,114.26469210777472,73.58841215856145,95.33053876478468,72.00445607717201,5.786797872847419,80.36571875019953,0.939634108459266,5489.01849115801,0.9999124006519525,0.9999955757905031,0.9999642737257897,1.0000090158914585,40.6742257709992,127.59050491821353,91.99373664404095,110.88731997044263,72.01189893699728,4.577403157482921,63.56449716606509,1.404148935766721,5492.065633670616,0.9997791174667923,0.9999888443165053,0.999907606240557,1.0000239197772447,35.599520390981475
R1.50_C1.00,1.5,1.0,ok,179.19505383702926,114.26469210777472,73.58841215856145,95.33053876478468,72.00445607717201,5.786797872847419,80.36571875019953,0.939634108459266,5489.01849115801,0.9999124006519525,0.9999955757905031,0.9999642737257897,1.0000090158914585,40.6742257709992,126.6227408078449,92.66709000916825,110.69097795205323,72.01257800866433,4.579873792264738,63.599552605706506,1.400792362172647,5491.715085734386,0.999859168562686,0.9999928873011461,0.9999414875470836,1.0000150423905225,33.96053888661178
R1.55_C0.50,1.55,0.5,ok,186.75542592001148,114.26469210777472,73.58841215856145,95.33053876478468,72.00445607717201,5.786797872847419,80.36571875019953,0.939634108459266,5489.01849115801,0.9999124006519525,0.9999955757905031,0.9999642737257897,1.0000090158914585,40.6742257709992,141.55668629821002,81.21305716138957,112.5424761361484,72.01141243132481,4.505537488931322,62.566862972844106,1.4491237675629407,5487.228542974731,0.9997528808069571,0.9999875192326748,0.9998960270501691,1.000027075620701,60.34496302128897
R1.55_C0.55,1.55,0.55,ok,177.85951058287174,114.26469210777472,73.58841215856145,95.33053876478468,72.00445607717201,5.786797872847419,80.36571875019953,0.939634108459266,5489.01849115801,0.9999124006519525,0.9999955757905031,0.9999642737257897,1.0000090158914585,40.6742257709992,139.28152513386252,83.61437171614898,112.50605647702122,72.01111117286902,4.506530572821932,62.580682951877776,1.4483480793730656,5487.26092642487,0.9997249408013964,0.999986108121283,0.9998841061752164,1.0000302236568153,55.66921320487215
R1.55_C0.60,1.55,0.6,ok,186.35795173281804,114.26469210777472,73.58841215856145,95.33053876478468,72.00445607717201,5.786797872847419,80.36571875019953,0.939634108459266,5489.01849115801,0.9999124006519525,0.9999955757905031,0.9999642737257897,1.0000090158914585,40.6742257709992,137.35267439147646,85.76116331346236,112.51485287038406,72.01055601185664,4.502379538677063,62.523511107177605,1.44992982340294,5487.533847280422,0.9997198953633304,0.9999858533011783,0.999882034366991,1.000030465579386,51.5967891243062
R1.55_C0.65,1.55,0.65,ok,193.7857373461593,114.26469210777472,73.58841215856145,95.33053876478468,72.00445607717201,5.786797872847419,80.36571875019953,0.939634108459266,5489.01849115801,0.9999124006519525,0.9999955757905031,0.9999642737257897,1.0000090158914585,40.6742257709992,135.65770680875013,87.48169656579236,112.49580936436439,72.01058092981071,4.498599532591873,62.47136897199361,1.4509104022457466,5487.822408396265,0.9996721581075899,0.9999834423286666,0.999861309536312,1.0000361920605068,48.17660680170823
R1.55_C0.70,1.55,0.7,ok,222.7367547908798,114.26469210777472,73.58841215856145,95.33053876478468,72.00445607717201,5.786797872847419,80.36571875019953,0.939634108459266,5489.01849115801,0.9999124006519525,0.9999955757905031,0.9999642737257897,1.0000090158914585,40.6742257709992,134.12906924681312,88.65328069785542,112.42733427727006,72.01108383233567,4.497110620815336,62.449803077522915,1.4505120265829439,5488.024032043377,0.9997151698137843,0.9999856146370589,0.9998801809032225,1.0000311976490144,45.47665622699468
R1.55_C0.75,1.55,0.75,ok,194.1922513458412,114.26469210777472,73.58841215856145,95.33053876478468,72.00445607717201,5.786797872847419,80.36571875019953,0.939634108459266,5489.01849115801,0.9999124006519525,0.9999955757905031,0.9999642737257897,1.0000090158914585,40.6742257709992,132.7745296110162,89.73018716345064,112.36592353436221,72.01187988025973,4.494044260884362,62.40720121671536,1.450725023644421,5488.31713768593,0.9997859629220016,0.9999891900465655,0.9999103849474742,1.0000232221000147,43.04490522484364
R1.55_C0.80,1.55,0.8,ok,224.04718314413913,114.26469210777472,73.58841215856145,95.33053876478468,72.00445607717201,5.786797872847419,80.36571875019953,0.939634108459266,5489.01849115801,0.9999124006519525,0.9999955757905031,0.9999642737257897,1.0000090158914585,40.6742257709992,131.58449917889538,90.75041929600357,112.33439269033953,72.01081180977647,4.487770922075997,62.3231049371371,1.452400987547617,5488.830120292629,0.9996835125101551,0.9999840157833408,0.9998649906332842,1.00003547953155,40.839092742610525
R1.55_C0.85,1.55,0.85,ok,171.27600440988317,114.26469210777472,73.58841215856145,95.33053876478468,72.00445607717201,5.786797872847419,80.36571875019953,0.939634108459266,5489.01849115801,0.9999124006519525,0.9999955757905031,0.9999642737257897,1.0000090158914585,40.6742257709992,130.33343904528692,91.54476289700342,112.08978870037444,72.00659948773361,4.495523993420919,62.432665293495994,1.4465974416759857,5488.493308308987,0.9993255370526001,0.9999659362147778,0.9997100538467049,1.0000769978224162,38.79070010484776
R1.55_C0.90,1.55,0.9,ok,201.8319460209459,114.26469210777472,73.58841215856145,95.33053876478468,72.00445607717201,5.786797872847419,80.36571875019953,0.939634108459266,5489.01849115801,0.9999124006519525,0.9999955757905031,0.9999642737257897,1.0000090158914585,40.6742257709992,129.31560789385986,92.54632948018718,112.01850822629274,72.00998332412436,4.491329949027179,62.37262963241322,1.4470169988732215,5488.838795796146,0.9996095745286873,0.9999802815418529,0.9998333823868424,1.000043748618499,36.77104525554334
R1.55_C0.95,1.55,0.95,ok,178.49885847209953,114.26469210777472,73.58841215856145,95.33053876478468,72.00445607717201,5.786797872847419,80.36571875019953,0.939634108459266,5489.01849115801,0.9999124006519525,0.9999955757905031,0.9999642737257897,1.0000090158914585,40.6742257709992,128.37416464555298,93.41865518786474,111.92775317399611,72.01511360577852,4.489048166607015,62.33351604888826,1.4465700066315144,5489.107260655149,1.0000298899207232,1.000001509591955,1.000015791208214,0.9999950245799927,34.9556852296828
R1.55_C1.00,1.55,1.0,ok,180.38609799207188,114.26469210777472,73.58841215856145,95.33053876478468,72.00445607717201,5.786797872847419,80.36571875019953,0.939634108459266,5489.01849115801,0.9999124006519525,0.9999955757905031,0.9999642737257897,1.0000090158914585,40.6742257709992,127.54029072565694,94.26553154449059,111.87827762374451,72.01374209774201,4.481740679179502,62.23310449900525,1.4483879776504784,5489.6694544307775,0.9999447183142073,0.9999972079956667,0.9999785294867914,1.0000051246790935,33.27413962493395
R1.60_C0.50,1.6,0.5,ok,185.1007293839939,114.26469210777472,73.58841215856145,95.33053876478468,72.00445607717201,5.786797872847419,80.36571875019953,0.939634108459266,5489.01849115801,0.9999124006519525,0.9999955757905031,0.9999642737257897,1.0000090158914585,40.6742257709992,142.29291060361504,82.97005640496187,113.68821678474521,72.01052829318076,4.411828027463831,61.26598045972773,1.4965434468940004,5484.803533198121,0.9997139346344411,0.9999855522542649,0.9998812913169488,1.0000304851145918,59.32791512026461
R1.60_C0.55,1.6,0.55,ok,191.37499946006574,114.26469210777472,73.58841215856145,95.33053876478468,72.00445607717201,5.786797872847419,80.36571875019953,0.939634108459266,5489.01849115801,0.9999124006519525,0.9999955757905031,0.9999642737257897,1.0000090158914585,40.6742257709992,140.08629307874403,85.43329677762013,113.70913254398914,72.01116775346662,4.40830781488469,61.21661173122473,1.4980365394201667,5484.949996662084,0.9997311459602674,0.999986421513145,0.9998867759746515,1.0000295129345802,54.65516174196498
R1.60_C0.60,1.6,0.6,ok,192.83060362306423,114.26469210777472,73.58841215856145,95.33053876478468,72.00445607717201,5.786797872847419,80.36571875019953,0.939634108459266,5489.01849115801,0.9999124006519525,0.9999955757905031,0.9999642737257897,1.0000090158914585,40.6742257709992,138.16589811751746,87.40723424612918,113.69557906525958,72.01176264561055,4.405393331107716,61.17574533816448,1.498899183252945,5485.15442387663,0.9997815414010869,0.9999889667374287,0.9999083750828694,1.00002378428524,50.75905263983599
R1.60_C0.65,1.6,0.65,ok,187.74739331495948,114.26469210777472,73.58841215856145,95.33053876478468,72.00445607717201,5.786797872847419,80.36571875019953,0.939634108459266,5489.01849115801,0.9999124006519525,0.9999955757905031,0.9999642737257897,1.0000090158914585,40.6742257709992,136.45965990660113,88.71123152179004,113.63500831075078,72.01181969588573,4.40430313069895,61.16052596616275,1.498488114380332,5485.35750236488,0.9997849240745618,0.9999891375795243,0.9999098297505713,1.0000233972908776,47.74925787429109
R1.60_C0.70,1.6,0.7,ok,194.9377393699251,114.26469210777472,73.58841215856145,95.33053876478468,72.00445607717201,5.786797872847419,80.36571875019953,0.939634108459266,5489.01849115801,0.9999124006519525,0.9999955757905031,0.9999642737257897,1.0000090158914585,40.6742257709992,134.97109920388135,89.92187961467246,113.59633663651083,72.0104856444202,4.4002431098685015,61.105756312991275,1.499464057982836,5485.678552290416,0.9997340780428237,0.999986569598122,0.9998878770852708,1.0000292914137678,45.051570346291236
R1.60_C0.75,1.6,0.75,ok,170.1194218751043,114.26469210777472,73.58841215856145,95.33053876478468,72.00445607717201,5.786797872847419,80.36571875019953,0.939634108459266,5489.01849115801,0.9999124006519525,0.9999955757905031,0.9999642737257897,1.0000090158914585,40.6742257709992,133.4964484848727,90.81009199174272,113.35452156154128,72.01423417684919,4.411042210843869,61.250469679933275,1.4923354241087838,5485.667728990586,0.9999772780754146,0.9999988524280496,0.9999925114011139,1.0000013953787386,42.68562949385
R1.60_C0.80,1.6,0.8,ok,172.34805576410145,114.26469210777472,73.58841215856145,95.33053876478468,72.00445607717201,5.786797872847419,80.36571875019953,0.939634108459266,5489.01849115801,0.9999124006519525,0.9999955757905031,0.9999642737257897,1.0000090158914585,40.6742257709992,132.2745338470775,92.01813731225272,113.2907344884986,72.01386346361203,4.4068658877481806,61.19338388934718,1.4929619359708655,5485.961408097804,0.9999536604155821,0.9999976596169485,0.9999821383882403,1.0000041627554888,40.255405845342835
R1.60_C0.85,1.6,0.85,ok,192.32943356595933,114.26469210777472,73.58841215856145,95.33053876478468,72.00445607717201,5.786797872847419,80.36571875019953,0.939634108459266,5489.01849115801,0.9999124006519525,0.9999955757905031,0.9999642737257897,1.0000090158914585,40.6742257709992,131.1734603826515,93.14345182949083,113.23241943189785,72.01259446563088,4.401066537851002,61.11656408023101,1.4942043488134469,5486.313235247299,0.9998691605617672,0.9999933919475643,0.9999453536172085,1.0000140517795626,38.03546579127491
R1.60_C0.90,1.6,0.9,ok,177.1963468908798,114.26469210777472,73.58841215856145,95.33053876478468,72.00445607717201,5.786797872847419,80.36571875019953,0.939634108459266,5489.01849115801,0.9999124006519525,0.9999955757905031,0.9999642737257897,1.0000090158914585,40.6742257709992,130.17019445641225,94.11249560441834,113.156254538618,72.01605127602916,4.398352318268053,61.07459142284527,1.494103356691641,5486.635445283911,1.00008677364244,1.0000043825071923,1.0000409880787617,0.999987956712306,36.058957902396834
R1.60_C0.95,1.6,0.95,ok,193.6196016690228,114.26469210777472,73.58841215856145,95.33053876478468,72.00445607717201,5.786797872847419,80.36571875019953,0.939634108459266,5489.01849115801,0.9999124006519525,0.9999955757905031,0.9999642737257897,1.0000090158914585,40.6742257709992,129.2740920546127,95.04301860895939,113.11384398291264,72.01404038421315,4.390182237161954,60.96202293480896,1.49645340929263,5487.142224678415,0.999966924189464,0.9999983295045176,0.9999879806509304,1.0000025944619821,34.232362869809506
R1.60_C1.00,1.6,1.0,ok,270.0226982869208,114.26469210777472,73.58841215856145,95.33053876478468,72.00445607717201,5.786797872847419,80.36571875019953,0.939634108459266,5489.01849115801,0.9999124006519525,0.9999955757905031,0.9999642737257897,1.0000090158914585,40.6742257709992,128.7147012695219,96.2796602065034,113.37979857646323,72.0117157060094,4.362105650148337,60.57554149105101,1.510050867729809,5489.343421409783,0.9997691286044652,0.9999883398285088,0.9999035442445172,1.0000249416208922,32.43615477294406
