phase,time_s,systolic_mmHg,diastolic_mmHg,map_mmHg,heart_rate_per_min,cardiac_output_L_min,stroke_volume_mL,systemic_vascular_resistance_mmHg_s_mL,blood_volume_mL,baroreceptor_heart_rate_scale,baroreceptor_heart_elastance_scale,baroreceptor_resistance_scale,baroreceptor_compliance_scale,pulse_pressure_mmHg
pre,1.0000000000000004,114.25782770463887,73.58647688814692,95.32541272720198,72.00228353784668,5.7859659750719254,80.35808992128199,0.9397157370998477,5488.978045603894,0.9999848146808075,0.9999992330646874,0.9999938338747795,1.0000015492414573,40.67135081649195
pre,2.0000000000000013,114.26469210777472,73.58841215856145,95.33053876478468,72.00445607717201,5.786797872847419,80.3672187544243,0.939634108459266,5489.01849115801,0.9999124006519525,0.9999955757905031,0.9999642737257897,1.0000090158914585,40.67627994921327
pre,3.000000000000002,114.26616540926074,73.59193963826154,95.33176671915326,72.00796889624343,5.786972176088615,80.36571875019953,0.9396177350672311,5489.059928399672,0.9998112479187855,0.999990467066606,0.9999225035952457,1.000019689440153,40.6742257709992
pre,4.000000000000003,114.24801363235973,73.5883531831918,95.31821284737423,72.00923189896767,5.785234494179464,80.34017780242982,0.9397588299172152,5489.099583849298,0.9997625764528537,0.9999880089117611,0.9999013595725711,1.0000253609496526,40.65966044916793
pre,4.999999999999981,114.25204457629255,73.58067353760902,95.31975562690194,72.01058805613023,5.786717804707774,80.3592632821883,0.9395338261424946,5489.1376434581525,0.9998294721349604,0.9999913874815645,0.9999271398930978,1.000019255377854,40.67137103868353
pre,5.99999999999996,114.25397443806868,73.58295974090079,95.3217052075634,72.0120118955448,5.78676848079334,80.35837811596195,0.9395460251338594,5489.176592315511,0.9998684373873648,0.999993355423605,0.9999420313820293,1.000015781074543,40.67101469716789
pre,6.999999999999939,114.26164282053239,73.58545187024262,95.32762105298545,72.01348910630607,5.787546938809076,80.36753961838342,0.9394811218291695,5489.21675616982,0.9998420991000321,0.999992025207073,0.999930635827667,1.000018859701148,40.676190950289765
pre,7.999999999999917,114.26490357661811,73.59056498131513,95.33057137818562,72.01595100767463,5.787631884554686,80.36597175447848,0.939496872009482,5489.257981873188,0.999769939983668,0.9999883808072564,0.9999003898433353,1.0000267419075979,40.674338595302984
pre,8.999999999999897,114.24884927096531,73.58785452210823,95.31868425811125,72.01679327169883,5.786014559668508,80.3425742359775,0.9396355919585323,5489.2984320989635,0.9997265946803402,0.9999861916505228,0.9998813430618178,1.0000319451000172,40.66099474885708
pre,9.999999999999876,114.25202918140518,73.58104254030368,95.31978453020568,72.01773713488146,5.7872568926900945,80.35877164331318,0.9394451148557579,5489.33657542934,0.9997923436148575,0.9999895123037813,0.99990659273546,1.0000260310921878,40.67098664110149
pre,10.999999999999854,114.25404739155869,73.58296596052497,95.32172226834021,72.01877140416647,5.7873311896474675,80.35864923561658,0.9394532892781103,5489.375198303158,0.9998337932053205,0.9999916057174407,0.9999224323504822,1.0000223755751232,40.67108143103371
pre,11.999999999999833,114.26199898398654,73.5855154809171,95.32784250932076,72.0198805727653,5.788110759656477,80.36823601517165,0.9393902547659742,5489.415067511356,0.9998100309691391,0.999990405604502,0.9999120463705236,1.000025251195805,40.67648350306945
pre,12.999999999999812,114.26575668021555,73.59091549551731,95.33116806078668,72.02163120243962,5.7881747314669765,80.36717073510147,0.9394131484112717,5489.456037751605,0.9997358291074645,0.9999866580357305,0.9998809444676403,1.0000333961388141,40.67484118469824
pre,13.99999999999979,114.25085977423177,73.58843638689186,95.32010858943092,72.02212032990913,5.786655471840226,80.34553058606858,0.9395444517303072,5489.497107121802,0.9996791725130546,0.9999837965915682,0.9998564521831291,1.0000400183036273,40.66242338733991
pre,14.999999999999769,114.25310111131314,73.58191865462659,95.32056436329297,72.02268944654047,5.787724929219888,80.35974459848353,0.9393753411621019,5489.535533083178,0.9997331598661255,0.9999865232255616,0.9998767782240899,1.0000354191746574,40.67118245668655
pre,15.999999999999748,114.25492353996425,73.58330881912242,95.32223765329208,72.02334992104963,5.787813963283674,80.36024386019457,0.9393783227552115,5489.573867542681,0.9997705824483741,0.9999884132549681,0.9998907763725473,1.0000323196767222,40.67161472084183
pre,16.999999999999726,114.26289355715502,73.5856986717595,95.3283239406916,72.02409404492886,5.78859000195566,80.37018831982418,0.9393154415149119,5489.613435004765,0.9997468617027665,0.9999872152375137,0.9998801924613809,1.000035341607905,40.67719488539552
pre,17.999999999999705,114.26603508340726,73.58981613012747,95.33117325263824,72.0247289366808,5.78858742135283,80.36944403416996,0.9393448944529352,5489.654143455071,0.9996710035149171,0.9999833840159051,0.9998482079410256,1.0000438047494502,40.676218953279786
pre,18.999999999999684,114.25318017334995,73.58879687856167,95.32157341724461,72.02527199396782,5.787222233789082,80.34988377792959,0.9394654312075263,5489.695553128628,0.9996038662760893,0.9999799932462671,0.9998192491860247,1.0000516467737584,40.66438329478828
pre,19.999999999999662,114.25446339756054,73.58263769325916,95.32138703246383,72.02547285257681,5.788108255338184,80.36196120760499,0.9393194277095267,5489.734482737842,0.9996463199546971,0.9999821373714493,0.9998345946197431,1.000048419717991,40.671825704301384
pre,20.99999999999964,114.26087367670532,73.58423788706328,95.32626592539943,72.02576775202566,5.788737911447071,80.37037427184201,0.9392678511382772,5489.772614408779,0.9996606124558224,0.9999828592149406,0.9998388613761533,1.0000478984316337,40.676635789642035
pre,21.99999999999962,114.26463636734393,73.58784886531484,95.32953122060951,72.0260539408665,5.788826244027668,80.37128132523132,0.9392872340476475,5489.811874655523,0.9996176789558673,0.9999806908563571,0.9998199438031165,1.00005319855951,40.676787502029086
pre,22.9999999999996,114.26623564121694,73.58968589011188,95.33083706122072,72.02622640978319,5.788867372608704,80.37165989612934,0.9392935019036324,5489.85231670962,0.9995495285469179,0.9999772489165112,0.9997904991349672,1.0000612263790944,40.67654975110506
pre,23.999999999999577,114.25457684141664,73.58785903098061,95.32197401956721,72.02598513357428,5.787674340315497,80.35536521412497,0.9393936133797576,5489.893755059467,0.999491887887545,0.9999743377720984,0.9997649039659421,1.000068405326471,40.666717810436026
pre,24.999999999999556,114.25500443328873,73.58238484715274,95.3213237159938,72.0258389139591,5.7883415401610465,80.36479168365821,0.9392783117363088,5489.9334060258325,0.9995363357655954,0.9999765826144242,0.9997806147255809,1.0000652592497208,40.672619586135994
pre,25.999999999999535,114.26148211632072,73.58365534771924,95.32620031454611,72.02581792503312,5.788989615867423,80.37381292764765,0.9392237055632812,5489.97146122362,0.9995591572649171,0.9999777352154003,0.9997879389413149,1.0000641353951352,40.67782676860148
pre,26.999999999999513,114.26505394728417,73.58728754942385,95.32935020564777,72.02581657219388,5.78902458082622,80.37429988764777,0.9392505062070967,5490.010408081025,0.9995243750867255,0.9999759785397342,0.9997719951280509,1.0000688385138148,40.677766397860324
pre,27.999999999999492,114.2667564858975,73.58909263458156,95.33073901961639,72.02572803556556,5.789057277324131,80.37485264245512,0.939258969342787,5490.0505742453915,0.9994628541901286,0.9999728714237442,0.9997449706521271,1.0000763936719212,40.67766385131594
pre,28.99999999999947,114.2568985825668,73.58774426136596,95.32324132317625,72.02502752042989,5.787996074958312,80.3609005677443,0.939351837546291,5490.091808036484,0.9994034916316696,0.9999698733147311,0.9997184604596897,1.0000839248209776,40.66915432120085
pre,29.99999999999945,114.25660448468457,73.58286250822232,95.32216981469894,72.02464340669337,5.788489728711618,80.36818309569978,0.9392603563054139,5490.132261879243,0.9994376678819306,0.9999715993879768,0.9997297509715258,1.0000820207771892,40.67374197646225
post,883.6999999994863,142.28936375412056,82.91461249668082,113.6644215841235,72.00228070651674,4.4155766863100725,61.325511400230276,1.4948170457422474,5485.859817603463,1.0000015587179147,1.0000000787231274,1.0000006321978383,0.99999984134438,59.37475125743974
post,884.6999999994854,142.29649950530012,82.91553650134428,113.6697917192864,72.00448006556394,4.416047587629374,61.33017811681059,1.4947318012159727,5485.859672803183,0.9999693184268206,0.9999984504255971,0.9999875526201596,1.0000031245720253,59.38096300395584
post,885.6999999994845,142.29926507631512,82.92006023432417,113.67249217046293,72.00649467674485,4.416104937993185,61.32925867059886,1.494749944133398,5485.861076673617,0.9998971043300062,0.9999948032489904,0.9999579506924631,1.0000106329892697,59.379204841990955
post,886.6999999994836,142.29953554367555,82.92236126999967,113.672974592006,72.0097478587381,4.416215928247956,61.32802932335314,1.494719476784049,5485.863658673373,0.9998156626919872,0.9999906900349488,0.9999241106319946,1.0000193339256445,59.37717427367588
post,887.6999999994827,142.28950304632448,82.92206528405345,113.66593565287455,72.01097023776468,4.415714060967069,61.32001896915614,1.4947941639161655,5485.863647483241,0.9997610923237105,0.9999879339557427,0.9999006578278088,1.0000255651178174,59.36743776227104
post,888.6999999994817,142.28733358781636,82.91717825758471,113.663913466457,72.01212306975582,4.415851662919129,61.32094812204934,1.4947209547141438,5485.861780152022,0.9997697145486054,0.9999883694216467,0.9999026621212909,1.0000254628079428,59.370155330231654
post,889.6999999994808,142.2939506680407,82.91686428832917,113.6687783455225,72.0132820610415,4.416280281081776,61.325913146665776,1.4946430159298807,5485.861278084457,0.9997592699479441,0.9999878419165626,0.9998970631466201,1.0000272474372491,59.37708637971154
post,890.6999999994799,142.29642483221818,82.92125104256057,113.67131990738642,72.0143501051255,4.416259390919613,61.32471353935461,1.4946853285700648,5485.862395490418,0.9997099658207538,0.999985351809129,0.9998755870429894,1.0000330566982227,59.37517378965761
post,891.699999999479,142.2969718937044,82.9239059295441,113.67218369765244,72.01597218096569,4.416249490184511,61.32319479194305,1.494700768468122,5485.864855137688,0.9996484177536948,0.9999822433208936,0.9998488341648963,1.000040280887639,59.373065964160304
post,892.6999999994781,142.28754547809817,82.92394632712383,113.66567033513877,72.0164904133816,4.415716191511588,61.31534827877547,1.4947932041703809,5485.865938264116,0.999605857267933,0.9999800938014107,0.9998294259667754,1.0000457665789038,59.36359915097434
post,893.6999999994772,142.2854496689982,82.91954623396691,113.66380610909684,72.01699322494977,4.415790257996631,61.31594864289351,1.494743627968996,5485.8642109069515,0.9996232778536522,0.999980973628972,0.9998342665109208,1.000045203792987,59.3659034350313
post,894.6999999994763,142.29276882486514,82.91939291311901,113.66920759203661,72.01755001499414,4.4162121223227135,61.3213323891642,1.4946752362887672,5485.863334228995,0.9996199516149951,0.9999808056371204,0.9998309052742925,1.000046661975906,59.37337591174612
post,895.6999999994754,142.29517064539945,82.92420732711267,113.67176824767178,72.01804645472367,4.416131039224727,61.31978381281227,1.494738141461137,5485.864146177636,0.999573950677929,0.9999784823574708,0.9998101770951454,1.000052508157642,59.37096331828678
post,896.6999999994745,142.29545349420235,82.92685390601609,113.67245071112677,72.0186056689858,4.416040249669662,61.31804703310706,1.4947784538719768,5485.866365082403,0.9995149027417278,0.9999755001384708,0.9997838851406007,1.0000598350654086,59.36859958818626
post,897.6999999994736,142.28657620425344,82.92677105554462,113.6663075489589,72.0186355226072,4.415514215496454,61.31071747548439,1.4948734864017856,5485.868397244392,0.9994726688546318,0.99997336711387,0.9997640933941766,1.0000656292238534,59.359805148708816
post,898.6999999994727,142.28446999816998,82.92265821274076,113.6644747300688,72.0186701693739,4.415546230595291,61.31113251898134,1.494838576712485,5485.867077934864,0.9994892066222099,0.9999742023546568,0.9997680705610176,1.0000654954887607,59.361811785429225
post,899.6999999994717,142.29195572638056,82.92248830797834,113.66998252880003,72.01877822385792,4.415952279408059,61.316678626258216,1.494776959323266,5485.865842072088,0.9994872311234332,0.9999741025819913,0.999764767227444,1.0000671503917247,59.36946741840222
post,900.6999999994708,142.29433922960033,82.92735692490335,113.67252795629078,72.01884065636484,4.415842647926491,61.315103210235165,1.4948492947137821,5485.86633150679,0.9994409431161435,0.9999717648038456,0.9997434545148715,1.0000733515434252,59.366982304696975
post,901.6999999994699,142.29512718798006,82.92923833166931,113.67341142539586,72.01878422643573,4.415786939196043,61.3143777227935,1.4948803818419325,5485.868297423216,0.9993811480362418,0.9999687448503151,0.9997164038537945,1.0000810763412447,59.36588885631075
post,902.699999999469,142.2851802698978,82.92636983077861,113.66628046739535,72.01833109240822,4.415271129483307,61.307601308033384,1.4949586499469676,5485.870946877358,0.999378741988569,0.9999686233327558,0.9997124149264789,1.0000830878573386,59.358810439119196
post,903.6999999994681,142.28479310780492,82.92589391741303,113.66622081428989,72.01811831438418,4.415214281364144,61.3069930831877,1.4949779580451394,5485.870296171941,0.9993934992038805,0.9999693686466608,0.9997155089816093,1.0000833116641992,59.35889919039188
post,904.6999999994672,142.2927422969406,82.9267508625541,113.6721625501853,72.01795781557705,4.41558865851145,61.31232809765101,1.4949329584755189,5485.868807614142,0.999378479400603,0.9999686100707379,0.9997067175836717,1.0000864887687761,59.36599143438649
post,905.6999999994663,142.2950579367868,82.93171149474178,113.67460847807772,72.01772054928864,4.415462274432785,61.31077519193154,1.4950096081987154,5485.868956016943,0.9993169491306275,0.9999655024813452,0.9996789387702062,1.0000944796935227,59.36334644204503
post,906.6999999994654,142.29555722505756,82.93332797678077,113.67518808951151,72.01733741132877,4.415391678847191,61.310121111928574,1.4950415891692264,5485.870653928759,0.999244831461029,0.9999618601747998,0.9996465191489825,1.0001037419101233,59.36222924827679
post,907.6999999994645,142.28427341409935,82.92583541889451,113.66653546855602,72.01633084163846,4.414965164417161,61.30505557309666,1.4950689956605654,5485.873525770554,0.9992807811310057,0.9999636758146974,0.9996577399843537,1.0001021219673565,59.35843799520484
post,908.6999999994636,142.2856473184306,82.92922354620109,113.66830301812524,72.01592240737544,4.414816018520995,61.303332248492524,1.4951444194968442,5485.873808261934,0.9992923802244343,0.999964261627497,0.9996594065267799,1.0001028395970002,59.356423772229505
post,909.6999999994626,142.29395409700527,82.93110131541401,113.67459305254533,72.01553539888404,4.4151569790026315,61.30839623072565,1.495115452198785,5485.872236139157,0.9992619012346056,0.999962722284576,0.9996441505357553,1.0001077863612864,59.36285278159126
post,910.6999999994617,142.29606048441843,82.93606319760987,113.676819216148,72.01503346157641,4.415013196977973,61.30682698819547,1.495194991519009,5485.872027054618,0.9991836210469023,0.9999587687397425,0.9996092827520976,1.0001177293384664,59.359997286808564
post,911.6999999994608,142.2961412910879,82.93731504889647,113.67698606765907,72.01435519599504,4.41492726621036,61.3062111601867,1.4952265278655659,5485.873441597999,0.9990989139458035,0.9999544906033233,0.9995713672799033,1.0001285686881582,59.35882624219144
post,912.6999999994599,142.2833135886544,82.92508661992167,113.66665499061962,72.01285839026903,4.4145864126158045,61.30275219310472,1.4952021393899233,5485.876193541481,0.999173052107192,0.9999582349549087,0.9995976878299777,1.0001233588454612,59.35822696873274
post,913.699999999459,142.28642879022627,82.93228376534128,113.67023439120067,72.01228967400084,4.414347564987514,61.299919568885194,1.4953325996869975,5485.877565957887,0.9991848986595797,0.9999588332656353,0.9995992937492777,1.000124234449238,59.354145024884986
post,914.6999999994581,142.2950865213797,82.93519507008256,113.67687742631952,72.01171483004457,4.414655368780059,61.30468326159324,1.4953196364006134,5485.876133938093,0.9991410803291603,0.9999566202186442,0.999578440934099,1.0001307346386692,59.35989145129713
post,915.6999999994572,142.29698435760412,82.94018134096844,113.6788949346433,72.0109896453289,4.4144945917039085,61.30306795457658,1.4954020807179245,5485.875553384851,0.9990475072972376,0.9999518943079412,0.9995370961507325,1.0001424741823548,59.35680301663568
post,916.6999999994563,142.29665266155342,82.94109448778704,113.67866361452113,72.01005994976252,4.414394136848144,61.30246440466547,1.495433096986279,5485.876668027652,0.9989512839254617,0.9999470345416895,0.9994941490710707,1.0001547699845788,59.35555817376638
post,917.6999999994554,142.2822828137947,82.92423459873481,113.66667925343992,72.0081629296583,4.414138372120939,61.300527503151585,1.495357434796481,5485.879184465987,0.9990629242164796,0.9999526729402255,0.9995353007790739,1.0001460380020548,59.35804821505988
post,918.6999999994545,142.28714715057188,82.93519494158672,113.6720733155385,72.00747942587532,4.413814578764691,61.29661271240973,1.4955413799465318,5485.881503025653,0.9990776016328624,0.9999534142238812,0.999537924279261,1.000146796038076,59.35195220898517
post,919.6999999994536,142.29617314918235,82.93915756047294,113.67908829387432,72.00676285730955,4.414091597425232,61.30106981995995,1.4955438797763192,5485.880478598329,0.9990216023602926,0.9999505859777916,0.9995119905936533,1.0001547109069258,59.357015588709416
post,920.6999999994526,142.2978781664869,82.94419204243567,113.68091516657469,72.0058604603776,4.41391591625196,61.299398243852515,1.4956287728378412,5485.879541969622,0.9989131562620995,0.9999451089021254,0.999464390643825,1.0001681802694158,59.35368612405122
post,921.6999999994517,142.29714635925782,82.94478701534901,113.68030007838875,72.00472486264947,4.4138030738371485,61.29879785328769,1.4956587467022742,5485.880339196484,0.9988054746697105,0.9999396704378631,0.9994164872992686,1.0001819020222908,59.352359343908816
post,922.6999999994508,142.256089503955,82.94381815509581,113.65147142738654,72.00336812500683,4.41136205766554,61.26605147146541,1.4960943132306157,5485.88260574497,0.998952998500164,0.999947121136371,0.9994718398592638,1.0001698005030055,59.312271348859184
post,923.6999999994499,142.28784369499408,82.9380403974541,113.67387360233637,72.00175623869812,4.413229842850732,61.29336384823894,1.4957671910393777,5485.885539346487,0.9989723085704177,0.9999480963924445,0.9994762504204938,1.0001702389231293,59.34980329753998
post,924.699999999449,142.29724599559572,82.94305540245675,113.68126799069293,72.00093778981399,4.413478689432467,61.297516739522855,1.495784376655332,5485.885183493193,0.9989047114537715,0.9999446823966548,0.9994455221782691,1.0001794845102299,59.354190593138966
post,925.6999999994481,142.29876562616627,82.94814826729507,113.68291243661567,71.99989697598743,4.413290209357624,61.295785059657696,1.495871123413824,5485.883998410068,0.9987813897902608,0.999938454029811,0.9993917179002336,1.000194657885509,59.350617358871204
post,926.6999999994472,142.2976387698768,82.94843431963565,113.68191965159433,71.99859312155512,4.4131669678525975,61.295183371178574,1.4958994685772953,5485.884458778891,0.9986620076250967,0.9999324246275298,0.9993388095961773,1.000209804904876,59.34920445024116
post,927.6999999994463,142.25485470196688,82.94706775512849,113.65178981482383,71.9970506059314,4.4106378638152135,61.26136871851036,1.4963474055487465,5485.8864598187265,0.9987991093901264,0.9999393489590973,0.9993895801773888,1.0001990472650388,59.30778694683839
post,928.6999999994454,142.28744938550003,82.94066329947172,113.67468426723867,71.99510933152317,4.412564476956787,61.2897809021694,1.4960068545179497,5485.889616487447,0.9988278251901116,0.999940799252026,0.9993974747035426,1.0001988005503364,59.3467860860283
post,929.6999999994445,142.29679678057812,82.94571692338666,113.68203964409031,71.99413519433912,4.412799692400288,61.29387734832135,1.496028085219528,5485.890194276644,0.998762170258361,0.9999374833463823,0.9993672449769168,1.0002081005580292,59.351079857191465
post,930.6999999994435,142.29821581480246,82.95075936541345,113.68360067068954,71.9929428341619,4.41259933024814,61.29210942817975,1.496117709631912,5485.888930270827,0.998638986086002,0.9999312619235359,0.9993132298128289,1.00022350125998,59.347456449389014
post,931.6999999994426,142.29696913781328,82.9509739469858,113.68251106166537,71.99149268840159,4.412463914524976,61.291463056937836,1.4961488472808346,5485.889035462121,0.9985197296509806,0.9999252388712617,0.9992601152201075,1.0002388724960476,59.34599519082748
post,932.6999999994417,142.26165290750313,82.94953709366541,113.6575568514758,71.98981170039842,4.410371587551384,61.26383002508916,1.4965191785943732,5485.8907539252,0.9986052574690817,0.9999295584580341,0.9992896400229833,1.0002336373134053,59.31211581383772
post,933.6999999994408,142.2852076712583,82.94278516043957,113.67391149659485,71.98735738115097,4.4117797380649995,61.28547981982418,1.4962653575277034,5485.893794167026,0.9986383127851115,0.9999312279184396,0.9992987208120273,1.0002333473430813,59.34242251081872
post,934.6999999994399,142.29409809542443,82.9466759023025,113.68082248745165,71.98618225924994,4.4120239429471795,61.28987264608343,1.496277430059387,5485.89546307849,0.9985939311351707,0.9999289864209682,0.9992766206285152,1.0002408454633889,59.34742219312193
post,935.699999999439,142.29566452113218,82.95164419363654,113.68254774168288,71.98484773357464,4.4118162364430225,61.28812347803712,1.4963717614422178,5485.8943440251105,0.998491328017133,0.99992380444531,0.9992306179886604,1.0002544341637656,59.34402032749564
post,936.6999999994381,142.29475881043152,82.95218455649238,113.68181200508992,71.98330493808356,4.411669658105036,61.287400764659715,1.4964114939796087,5485.8940809047635,0.9983875284591149,0.99991856204339,0.9991835766937238,1.0002684454529776,59.342574253939134
post,937.6999999994372,142.265782406721,82.95115722812305,113.66137510441838,71.98156864617452,4.409921690258609,61.26459555133598,1.4967266094318132,5485.895500093899,0.9984431716845471,0.9999213723073003,0.9992008256953409,1.0002664443247056,59.31462517859795
post,938.6999999994363,142.28280033458688,82.94476618758962,113.67313737983568,71.97886454694552,4.410926541488238,61.28085750243221,1.49654706303722,5485.898307108651,0.9984825673860741,0.9999233619891956,0.9992121719907525,1.0002657771846013,59.33803414699726
post,939.6999999994354,142.29164958456172,82.94802074927655,113.67997227785959,71.97761550468398,4.411187014090577,61.285539721769695,1.4965525501659842,5485.9009217380735,0.9984566973835753,0.999922055423413,0.9991973492372324,1.0002716218167873,59.34362883528517
post,940.6999999994345,142.29354227783554,82.95312752183413,113.6820018354859,71.97624761540766,4.410981533922798,61.28384960399849,1.4966502864011706,5485.900212286368,0.9983690339172476,0.9999176279756185,0.9991573059671937,1.0002838544891741,59.34041475600141
post,941.6999999994335,142.29302010489047,82.95402808790104,113.6816323770429,71.97470059392998,4.4108334546461245,61.28310945718771,1.496695537875847,5485.899595451052,0.9982745036393647,0.9999128537191595,0.9991140170106548,1.0002970388693584,59.33899201698944
post,942.6999999994326,142.26830942600262,82.95335352621812,113.66424116974535,71.97297825103934,4.409317493851364,61.26351307113917,1.4969735375945008,5485.900697302875,0.9983079468820156,0.9999145427718186,0.9991222694057217,1.000297404637241,59.31495589978449
post,943.6999999994317,142.2780407722434,82.94097907571955,113.66960837757513,71.97152144169692,4.410313395135958,61.27859057014223,1.4967090787767117,5485.903254958755,0.998349387845643,0.9999166357497795,0.9991343288143572,1.0002966974197651,59.33706169652385
post,944.6999999994308,142.28989341308846,82.95000344090062,113.679775719768,71.96892755253785,4.410342043740966,61.28119722947634,1.4968394692594382,5485.90648401735,0.9983349453273359,0.9999159063296631,0.9991240606468736,1.0003015278932348,59.33988997218785
post,945.6999999994299,142.29204225525487,82.95522588421545,113.68203048640667,71.96756457723743,4.410142118288106,61.27957982453372,1.4969384131407257,5485.906442941795,0.9982553142205578,0.9999118845565935,0.999087273624982,1.0003130510403744,59.33681637103942
post,946.699999999429,142.2917700185844,82.95635776268607,113.6818910585375,71.96603446748854,4.409995671025573,61.27884777391531,1.496986270693535,5485.90557933748,0.9981647492737032,0.999907310569379,0.9990456383093691,1.0003259143380454,59.33541225589833
post,947.6999999994281,142.26982252718642,82.95588445228812,113.66646097300747,71.96433481316369,4.408633317981532,61.261364110810995,1.4972389819850953,5485.906346137123,0.9981809551182802,0.999908129046378,0.9990469381426333,1.000328118315985,59.3139380748983
post,948.6999999994272,142.27698936878116,82.9448938493514,113.67019975399738,71.96285831407232,4.409419656656404,61.2735480490794,1.4970234328029433,5485.908638988794,0.9982214598636433,0.999910174740588,0.9990585584266891,1.0003276377667816,59.33209551942976
post,949.6999999994263,142.28850774768264,82.95225795722807,113.67989380569378,71.96024440208681,4.40950417804602,61.2769483300719,1.4971284412130528,5485.912089663668,0.9982162581889956,0.9999099120297473,0.9990519935198762,1.000331650432424,59.33624979045457
post,950.6999999994254,142.29083623067802,82.95756511355314,113.68230347765311,71.95888973400861,4.409308829718718,61.275387183118625,1.497227963266654,5485.912978174833,0.9981416926925223,0.9999061460955814,0.9990172741816281,1.0003427501922202,59.33327111712488
post,951.6999999994244,142.29071805045047,82.95884672991355,113.68230527931986,71.95737359716523,4.409163526888329,61.27465896089944,1.497277379318685,5485.912035086677,0.9980531882659109,0.9999016761750453,0.9989765167224657,1.0003554795503715,59.33187132053692
post,952.6999999994235,142.2705299766084,82.95849179155394,113.66812050464303,71.95569010745217,4.407899882607437,61.258531132493836,1.4975136769777826,5485.912449876568,0.9980566595097018,0.999901851490388,0.9989726838908228,1.000359058466926,59.31203818505446
post,953.6999999994226,142.27594043320272,82.9483752921711,113.67073388263597,71.9542018465141,4.408546133144678,61.26877958494449,1.4973303249482874,5485.914461853484,0.9980965826815055,0.9999038678121963,0.998984027822659,1.0003587509016894,59.32756514103163
post,954.6999999994217,142.28731209115873,82.95463245858708,113.6801677018795,71.95158129223019,4.4086724586504635,61.27276676164643,1.4974176039026825,5485.917793743777,0.9980988698583028,0.9999039833261758,0.9989804706464906,1.000362108427892,59.33267963257164
post,955.6999999994208,142.2897781719198,82.96001773923061,113.68269602666201,71.95023522983719,4.4084804328593705,61.27124419783979,1.497517633065727,5485.919765409826,0.9980279377862907,0.9999004008982966,0.9989472428911489,1.0003729201314082,59.3297604326892
post,956.6999999994199,142.2897599682282,82.96140729823033,113.6827903800762,71.94873035432212,4.408335615722539,61.27051296128563,1.4975681659266358,5485.91896397459,0.9979405982572708,0.9998959898109722,0.9989069964150201,1.0003856006118224,59.32835266999787
post,957.699999999419,142.27089177266882,82.96112677855706,113.66953620371157,71.94705879723506,4.407146930014312,61.255414796520895,1.497791815793234,5485.919012306856,0.9979334791353742,0.9998956302593611,0.9988988965478932,1.0003903305034971,59.30976499411176
post,958.6999999994181,142.27497960427672,82.95166062394433,113.67129980985871,71.945560951686,4.407688197961716,61.26421338102617,1.4976325126223384,5485.920726584493,0.997972310878977,0.999897591458533,0.9989097633049707,1.000390237190218,59.32331898033239
post,959.6999999994172,142.28620030389692,82.95706438392219,113.68050537232777,71.9429338267005,4.407844631492398,61.26862496475637,1.497706452597434,5485.923824518454,0.9979810330102925,0.9998980319702154,0.9989087861643379,1.0003930394366645,59.32913591997473
post,960.6999999994163,142.28875919668752,82.96249998894265,113.68311453762215,71.9415936234574,4.4076548020679915,61.26712768051365,1.4978068534742712,5485.926735461963,0.9979132846919728,0.9998946103379771,0.9988768625433686,1.0004036040127866,59.32625920774487
post,961.6999999994154,142.288804996531,82.9639663676913,113.68327069058002,71.9400968234644,4.407509784369728,61.26638660475293,1.4978583156153167,5485.92634049392,0.997827079814057,0.9998902565562648,0.9988371080184312,1.0004162348786858,59.324838628839714
post,962.6999999994144,142.2715797898725,82.96373842518827,113.6711683658083,71.93843441291739,4.406415972510407,61.25259756444163,1.4980655437642099,5485.926037260047,0.9978090233134835,0.9998893446117915,0.9988245970847703,1.000422145674354,59.307841364684236
post,963.6999999994135,142.27429765592632,82.95507923529341,113.67206564755465,71.9369190917075,4.406842745791825,61.259820429254695,1.4979333220904487,5485.927434866105,0.9978440496265584,0.9998911136175024,0.9988338712505752,1.000422543341673,59.31921842063291
post,964.6999999994126,142.28195425369353,82.9573629506654,113.67805470120399,71.93553609938083,4.407054194848567,61.26393760046643,1.497943926694639,5485.930283304185,0.9978229757178945,0.9998900492786809,0.99882070687569,1.0004285079519997,59.32459130302813
post,965.6999999994117,142.2866163866576,82.9647099963427,113.68251521291015,71.93270352961108,4.406789965773679,61.26267677343206,1.4980956022018201,5485.933806527076,0.9977569481355347,0.999886714552299,0.998789221638407,1.0004391061357996,59.32190639031491
post,966.6999999994108,142.28629338943975,82.96528308389844,113.68232174882327,71.93112944362369,4.406654913559614,61.262139878025245,1.498138906648111,5485.934078677237,0.9976857081088973,0.9998831165711559,0.998755326949267,1.000450398271168,59.32101030554131
post,967.6999999994099,142.27137227912493,82.96500406095167,113.67187206832793,71.92943359434922,4.405688754095307,61.2501521830615,1.4983253494212452,5485.933531792576,0.9976710951180836,0.999882378541317,0.9987441049936646,1.0004560918136696,59.30636821817326
post,968.699999999409,142.27278065462863,82.9576711366181,113.67206418599073,71.92788526697275,4.405973029243016,61.25542288487263,1.498231950867208,5485.934597504978,0.9977106817660025,0.9998843778669694,0.998755129841941,1.0004561536943173,59.31510951801053
post,969.6999999994081,142.28045392655088,82.95936530537251,113.6779980991317,71.92648809449466,4.406208686029293,61.2598891279185,1.4982335696880074,5485.93718252011,0.9976989866795271,0.999883787206036,0.9987457223016959,1.000461265389616,59.32108862117836
post,970.6999999994072,142.28488909463482,82.96672245854413,113.68235851651086,71.92368350844261,4.405923928072473,61.258318722723544,1.4983908861708346,5485.940925722439,0.9976430351067617,0.9998809613690277,0.998718339546787,1.0004709069722726,59.318166636090695
post,971.6999999994063,142.28474334400272,82.96744220197678,113.68233834341002,71.92214883880979,4.4057906116530425,61.2577722271229,1.4984359891805408,5485.9421232194745,0.9975783679209651,0.9998776953495425,0.9986871839847563,1.0004815685761157,59.31730114202594
post,972.6999999994053,142.2717516223328,82.96735046963796,113.67327774264248,71.92050312510013,4.404929595794504,61.24720218005803,1.4986057255134015,5485.9414974538395,0.997558231315186,0.9998766783492509,0.998673826297278,1.0004878451056574,59.30440115269484
post,973.6999999994044,142.27208668989385,82.96102930978472,113.67284930550029,71.91898125869712,4.405108620040986,61.250987471520645,1.4985396818406853,5485.942213000121,0.9975929018148788,0.9998784293845889,0.9986829050928798,1.000488454731385,59.31105738010913
post,974.6999999994035,142.27939033690345,82.96212922964291,113.67842591244269,71.91760497853848,4.405353139764849,61.25555962381515,1.4985334221445465,5485.944517888303,0.9975841194058493,0.9998779858285769,0.998674713992362,1.0004933222444092,59.317261107260535
post,975.6999999994026,142.2836763537173,82.96918648122872,113.68264981912168,71.91485320519446,4.405075279539872,61.25403978745368,1.4986865593846626,5485.948141922075,0.9975324565670963,0.9998753765942967,0.9986491260845204,1.0005025678631974,59.31448987248859
post,976.6999999994017,142.28357631986836,82.96993855223072,113.68267602745982,71.9133510892514,4.404943681068234,61.253489294376976,1.4987317332046843,5485.950417172759,0.9974700902643352,0.9998722267810264,0.9986189800785575,1.0005130236371722,59.313637767637644
post,977.6999999994008,142.2719012025049,82.96990374148491,113.6745461362814,71.91174098319068,4.404158858455428,61.243947069573764,1.4988883418110337,5485.949932658091,0.9974442285803248,0.9998709206353692,0.9986033847135721,1.0005199054653404,59.30199746101998
post,978.6999999993999,142.271401172709,82.96424872023789,113.67361385875574,71.91023536877697,4.4042618804276925,61.246662006337964,1.4988413031960124,5485.950283616238,0.9974742607085078,0.9998724374095199,0.99861061399647,1.0005210345996562,59.307152452471115
post,979.699999999399,142.27839245627723,82.96487398129378,113.6788920830492,71.90887086242887,4.40451235846131,61.251307462297966,1.4988289433174158,5485.952291661696,0.9974679238224526,0.9998721173647698,0.9986034333962205,1.0005257059552182,59.313518474983454
post,980.6999999993981,142.28253853570115,82.97167582641956,113.68298941764276,71.90615148819117,4.404239044787554,61.24982290994731,1.4989788200343912,5485.955682063046,0.9974199211444661,0.999869692987094,0.9985793661120236,1.0005346217540507,59.310862709281594
post,981.6999999993972,142.28245440557762,82.9724447458471,113.68303722555385,71.90467067398936,4.4041077074154575,61.24925774826738,1.499024217095389,5485.958891535795,0.9973595486128082,0.9998666438693337,0.9985500833857212,1.0005449066388092,59.310009659730525
post,982.6999999993963,142.2717093945628,82.97244595129,113.67556570196294,71.90308508742329,4.403376657887913,61.24044124857887,1.4991715988802363,5485.9588119903965,0.997329605005164,0.9998651315659174,0.9985328956015626,1.00055223023359,59.29926344327281
post,983.6999999993953,142.27060827034603,82.96726666397655,113.6742720066969,71.9015915494055,4.403424911629127,61.24238444156575,1.4991382888835514,5485.958813434345,0.9973563919475726,0.9998664844417964,0.9985388332380745,1.0005537339998385,59.303341606369486
post,984.6999999993944,142.27740376803072,82.96755647434969,113.67935834248642,71.90023747232962,4.40368094589453,61.2470987677789,1.4991214101084047,5485.960507222608,0.9973525671654444,0.9998662912709818,0.9985326887312894,1.0005581965892658,59.30984729368103
post,985.6999999993935,142.28035907724325,82.97205333774399,113.6822462169335,71.8989156269563,4.403538301812089,61.246240828715884,1.4992100401150819,5485.963649026782,0.9973077735194334,0.999864028965628,0.9985099569189201,1.0005668231610756,59.30830573949926
post,986.6999999993926,142.28137046344312,82.97498181826451,113.68342996655016,71.89608353927858,4.40327830294629,61.24503708940796,1.4993150220651683,5485.967465089672,0.9972489965454072,0.9998610604315863,0.9984813713878814,1.0005769736997236,59.306388645178615
post,987.6999999993917,142.27128228949135,82.97500844608012,113.6764241245476,71.89451842116648,4.402585324439931,61.23673154953306,1.499455886255383,5485.9680477901,0.9972158242228422,0.9998593850617598,0.9984629313370992,1.000584649043177,59.29627384341123
post,988.6999999993908,142.2697537606635,82.9701677026105,113.67487427336371,71.8930371178385,4.402594735079844,61.238124185289806,1.499432326180685,5485.967805854327,0.9972401507729042,0.9998606136753994,0.9984678975450555,1.0005864405856921,59.299586058052995
post,989.6999999993899,142.27648505009452,82.97022172403193,113.67987742573959,71.89169488391677,4.402859169077593,61.2429457420203,1.4994114375634964,5485.969167734306,0.9972384616792392,0.9998605283676383,0.9984626405561456,1.0005907247237846,59.30626332606259
post,990.699999999389,142.27934820148096,82.9746710155443,113.68269466744471,71.89038571301722,4.4027140929573525,61.24204299769323,1.4994999362763506,5485.972045910018,0.9971956804172225,0.9998583676978395,0.9984407599166164,1.0005991774791454,59.304677185936654
post,991.6999999993881,142.28031946875205,82.97755343760724,113.68385144626076,71.88758198184986,4.402454494447066,61.240820362529305,1.4996044338959125,5485.976079448987,0.9971384984673132,0.9998554797205711,0.9984128668394906,1.0006091902426073,59.30276603114481
post,992.6999999993872,142.27068599781958,82.97758936196563,113.67716721666963,71.88603373198589,4.40178837449467,61.2328730070982,1.499740627903196,5485.97758325449,0.9971025981872095,0.9998536665751117,0.9983933720834857,1.0006171635283525,59.293096635853956
post,993.6999999993863,142.26885249598809,82.9729844945818,113.67543451598996,71.88456411212543,4.401770406489214,61.233874905652065,1.4997239183064235,5485.977263611671,0.9971250695344962,0.9998548014916413,0.9983976119425565,1.0006191759397842,59.29586800140629
post,994.6999999993853,142.27574117320816,82.97287288154678,113.6805206490495,71.88323414958053,4.402052811522725,61.23893650030509,1.4996980196687177,5485.978276480195,0.9971247978820665,0.9998547877718216,0.9983929524045568,1.0006233486943923,59.30286829166138
post,995.6999999993844,142.27843511564384,82.97738960718232,113.68322687333144,71.88193472913589,4.401895791083124,61.23785910424173,1.4997890777409784,5485.980875144337,0.9970830018532475,0.9998526768612757,0.9983715008424214,1.0006317296302156,59.30104550846153
post,996.6999999993835,142.27926761586963,82.98013392855185,113.68426946301278,71.87914904412952,4.40163519009727,61.236606841226354,1.4998923792484147,5485.984789300945,0.9970270949654938,0.9998498532810862,0.9983441598944485,1.0006416373285034,59.29913368731778
post,997.6999999993826,142.2699358543438,82.98015478690772,113.67779694730622,71.87761271622588,4.400987736804922,61.22890800756142,1.500025189641952,5485.987365823091,0.9969890801634561,0.9998479333415894,0.9983238486128122,1.000649846472403,59.28978106743608
post,998.6999999993817,142.2678855513817,82.97571126800324,113.67593532627994,71.87615296902723,4.4009504027660915,61.22963209595459,1.5000133393310449,5485.987187649127,0.997010492389621,0.9998490147671534,0.998327680116355,1.0006519963478289,59.29217428337847
post,999.6999999993808,142.27521804756853,82.97548882649755,113.68131402564023,71.87483500609575,4.401264740113224,61.23512825789374,1.4999805236946422,5485.987837071318,0.9970110811010497,0.9998490445000541,0.9983233908048624,1.0006561103381062,59.299729221070976
post,1000.6999999993799,142.2776245626452,82.9802214880872,113.68384455674125,71.87354115775166,4.401082302098317,61.233692276808796,1.5000778544459132,5485.990139559898,0.996969132632891,0.999846925890551,0.9983018988026704,1.0006645346990948,59.297403074558005
post,1001.699999999379,142.2777709281394,82.98270099168273,113.684369585248,71.87076149854386,4.4007942230853345,61.23205224664966,1.5001834856792768,5485.993820762761,0.9969143969520123,0.9998441614622235,0.9982750543568142,1.0006743502349544,59.29506993645667
post,1002.6999999993781,142.26900114590399,82.98247956024721,113.67826620284389,71.86923946115569,4.400189974853428,61.22494140530969,1.5003066896059933,5485.997326706973,0.9968774147926931,0.9998422936763994,0.9982551971438491,1.000682473566456,59.28652158565677
